<?xml version="1.0" encoding="UTF-8" standalone="yes"?>
<content>
	<army_type>
		<id>0</id>
		<name>片手剣</name>
		<icon>def_katate.png</icon>
	</army_type>
	<army_type>
		<id>1</id>
		<name>両手剣</name>
		<icon>def_ryoute.png</icon>
	</army_type>
	<army_type>
		<id>2</id>
		<name>斧</name>
		<icon>def_ono.png</icon>
	</army_type>
	<army_type>
		<id>3</id>
		<name>槍</name>
		<icon>def_yari.png</icon>
	</army_type>
	<army_type>
		<id>4</id>
		<name>スティック</name>
		<icon>def_stick.png</icon>
	</army_type>
	<army_type>
		<id>5</id>
		<name>棍</name>
		<icon>def_kon.png</icon>
	</army_type>
	<army_type>
		<id>6</id>
		<name>両手杖</name>
		<icon>def_ryoute_tue.png</icon>
	</army_type>
	<army_type>
		<id>7</id>
		<name>短剣</name>
		<icon>def_tanken.png</icon>
	</army_type>
	<army_type>
		<id>8</id>
		<name>ムチ</name>
		<icon>def_muti.png</icon>
	</army_type>
	<army_type>
		<id>9</id>
		<name>ツメ</name>
		<icon>def_tume.png</icon>
	</army_type>
	<army_type>
		<id>10</id>
		<name>扇</name>
		<icon>def_ougi.png</icon>
	</army_type>
	<army_type>
		<id>11</id>
		<name>盾</name>
		<icon>def_tate.png</icon>
	</army_type>
	<army_type>
		<id>12</id>
		<name>頭</name>
		<icon>def_atama.png</icon>
	</army_type>
	<army_type>
		<id>13</id>
		<name>体上</name>
		<icon>def_karada_ue.png</icon>
	</army_type>
	<army_type>
		<id>14</id>
		<name>体下</name>
		<icon>def_karada_sita.png</icon>
	</army_type>
	<army_type>
		<id>15</id>
		<name>腕</name>
		<icon>def_ude.png</icon>
	</army_type>
	<army_type>
		<id>16</id>
		<name>足</name>
		<icon>def_ashi.png</icon>
	</army_type>
	<army_type>
		<id>17</id>
		<name>顔アクセ</name>
		<icon>def_kao_acce.png</icon>
	</army_type>
	<army_type>
		<id>18</id>
		<name>首アクセ</name>
		<icon>def_kubi_acce.png</icon>
	</army_type>
	<army_type>
		<id>19</id>
		<name>指アクセ</name>
		<icon>def_yubi_acce.png</icon>
	</army_type>
	<army_type>
		<id>20</id>
		<name>他アクセ</name>
		<icon>def_hoka_acce.png</icon>
	</army_type>
	<army_type>
		<id>21</id>
		<name>職人</name>
		<icon>def_shokunin.png</icon>
	</army_type>
</content>