<?xml version="1.0" encoding="UTF-8" standalone="yes"?>
<content>
	<quest_hire>
		<id>1</id>
		<qid>1</qid>
		<hire>[しぐさ] プクリポのあいさつ</hire>
		<hireitemid>-1</hireitemid>
		<hireitemcount>0</hireitemcount>
		<hiretype>0</hiretype>
	</quest_hire>
	<quest_hire>
		<id>2</id>
		<qid>2</qid>
		<hire>[しぐさ] ウェディのあいさつ</hire>
		<hireitemid>-1</hireitemid>
		<hireitemcount>0</hireitemcount>
		<hiretype>0</hiretype>
	</quest_hire>
	<quest_hire>
		<id>3</id>
		<qid>3</qid>
		<hire>[しぐさ] エルフのあいさつ</hire>
		<hireitemid>-1</hireitemid>
		<hireitemcount>0</hireitemcount>
		<hiretype>0</hiretype>
	</quest_hire>
	<quest_hire>
		<id>4</id>
		<qid>4</qid>
		<hire>[しぐさ] オーガのあいさつ</hire>
		<hireitemid>-1</hireitemid>
		<hireitemcount>0</hireitemcount>
		<hiretype>0</hiretype>
	</quest_hire>
	<quest_hire>
		<id>5</id>
		<qid>5</qid>
		<hire>[しぐさ] ドワーフのあいさつ</hire>
		<hireitemid>-1</hireitemid>
		<hireitemcount>0</hireitemcount>
		<hiretype>0</hiretype>
	</quest_hire>
	<quest_hire>
		<id>6</id>
		<qid>6</qid>
		<hire/>
		<hireitemid>126</hireitemid>
		<hireitemcount>2</hireitemcount>
		<hiretype>0</hiretype>
	</quest_hire>
	<quest_hire>
		<id>7</id>
		<qid>7</qid>
		<hire/>
		<hireitemid>121</hireitemid>
		<hireitemcount>5</hireitemcount>
		<hiretype>0</hiretype>
	</quest_hire>
	<quest_hire>
		<id>8</id>
		<qid>8</qid>
		<hire/>
		<hireitemid>81</hireitemid>
		<hireitemcount>1</hireitemcount>
		<hiretype>0</hiretype>
	</quest_hire>
	<quest_hire>
		<id>9</id>
		<qid>9</qid>
		<hire/>
		<hireitemid>75</hireitemid>
		<hireitemcount>3</hireitemcount>
		<hiretype>0</hiretype>
	</quest_hire>
	<quest_hire>
		<id>10</id>
		<qid>10</qid>
		<hire/>
		<hireitemid>126</hireitemid>
		<hireitemcount>2</hireitemcount>
		<hiretype>0</hiretype>
	</quest_hire>
	<quest_hire>
		<id>11</id>
		<qid>11</qid>
		<hire/>
		<hireitemid>26</hireitemid>
		<hireitemcount>3</hireitemcount>
		<hiretype>0</hiretype>
	</quest_hire>
	<quest_hire>
		<id>12</id>
		<qid>12</qid>
		<hire/>
		<hireitemid>2</hireitemid>
		<hireitemcount>1</hireitemcount>
		<hiretype>0</hiretype>
	</quest_hire>
	<quest_hire>
		<id>13</id>
		<qid>13</qid>
		<hire/>
		<hireitemid>106</hireitemid>
		<hireitemcount>1</hireitemcount>
		<hiretype>0</hiretype>
	</quest_hire>
	<quest_hire>
		<id>14</id>
		<qid>14</qid>
		<hire/>
		<hireitemid>0</hireitemid>
		<hireitemcount>1</hireitemcount>
		<hiretype>0</hiretype>
	</quest_hire>
	<quest_hire>
		<id>15</id>
		<qid>15</qid>
		<hire/>
		<hireitemid>14</hireitemid>
		<hireitemcount>1</hireitemcount>
		<hiretype>0</hiretype>
	</quest_hire>
	<quest_hire>
		<id>16</id>
		<qid>16</qid>
		<hire/>
		<hireitemid>27</hireitemid>
		<hireitemcount>1</hireitemcount>
		<hiretype>0</hiretype>
	</quest_hire>
	<quest_hire>
		<id>17</id>
		<qid>17</qid>
		<hire/>
		<hireitemid>2</hireitemid>
		<hireitemcount>1</hireitemcount>
		<hiretype>0</hiretype>
	</quest_hire>
	<quest_hire>
		<id>18</id>
		<qid>18</qid>
		<hire/>
		<hireitemid>9</hireitemid>
		<hireitemcount>3</hireitemcount>
		<hiretype>0</hiretype>
	</quest_hire>
	<quest_hire>
		<id>19</id>
		<qid>19</qid>
		<hire>ご当地便せん</hire>
		<hireitemid>-1</hireitemid>
		<hireitemcount>1</hireitemcount>
		<hiretype>0</hiretype>
	</quest_hire>
	<quest_hire>
		<id>20</id>
		<qid>20</qid>
		<hire>ご当地便せん</hire>
		<hireitemid>-1</hireitemid>
		<hireitemcount>1</hireitemcount>
		<hiretype>0</hiretype>
	</quest_hire>
	<quest_hire>
		<id>21</id>
		<qid>21</qid>
		<hire>ご当地便せん</hire>
		<hireitemid>-1</hireitemid>
		<hireitemcount>1</hireitemcount>
		<hiretype>0</hiretype>
	</quest_hire>
	<quest_hire>
		<id>22</id>
		<qid>22</qid>
		<hire>ご当地便せん</hire>
		<hireitemid>-1</hireitemid>
		<hireitemcount>1</hireitemcount>
		<hiretype>0</hiretype>
	</quest_hire>
	<quest_hire>
		<id>23</id>
		<qid>23</qid>
		<hire>ご当地便せん</hire>
		<hireitemid>-1</hireitemid>
		<hireitemcount>1</hireitemcount>
		<hiretype>0</hiretype>
	</quest_hire>
	<quest_hire>
		<id>24</id>
		<qid>24</qid>
		<hire>ご当地便せん</hire>
		<hireitemid>-1</hireitemid>
		<hireitemcount>1</hireitemcount>
		<hiretype>0</hiretype>
	</quest_hire>
	<quest_hire>
		<id>25</id>
		<qid>25</qid>
		<hire>ご当地便せん</hire>
		<hireitemid>-1</hireitemid>
		<hireitemcount>1</hireitemcount>
		<hiretype>0</hiretype>
	</quest_hire>
	<quest_hire>
		<id>26</id>
		<qid>26</qid>
		<hire>ご当地便せん</hire>
		<hireitemid>-1</hireitemid>
		<hireitemcount>1</hireitemcount>
		<hiretype>0</hiretype>
	</quest_hire>
	<quest_hire>
		<id>27</id>
		<qid>27</qid>
		<hire>ご当地便せん</hire>
		<hireitemid>-1</hireitemid>
		<hireitemcount>1</hireitemcount>
		<hiretype>0</hiretype>
	</quest_hire>
	<quest_hire>
		<id>28</id>
		<qid>28</qid>
		<hire>ご当地便せん</hire>
		<hireitemid>-1</hireitemid>
		<hireitemcount>1</hireitemcount>
		<hiretype>0</hiretype>
	</quest_hire>
	<quest_hire>
		<id>29</id>
		<qid>29</qid>
		<hire>ご当地便せん</hire>
		<hireitemid>-1</hireitemid>
		<hireitemcount>1</hireitemcount>
		<hiretype>0</hiretype>
	</quest_hire>
	<quest_hire>
		<id>30</id>
		<qid>30</qid>
		<hire>預かり所が利用可能</hire>
		<hireitemid>-1</hireitemid>
		<hireitemcount>0</hireitemcount>
		<hiretype>0</hiretype>
	</quest_hire>
	<quest_hire>
		<id>31</id>
		<qid>31</qid>
		<hire>冒険者の酒場が利用可能</hire>
		<hireitemid>-1</hireitemid>
		<hireitemcount>0</hireitemcount>
		<hiretype>0</hiretype>
	</quest_hire>
	<quest_hire>
		<id>32</id>
		<qid>32</qid>
		<hire>旅のコンシェルジュが利用可能</hire>
		<hireitemid>-1</hireitemid>
		<hireitemcount>0</hireitemcount>
		<hiretype>0</hiretype>
	</quest_hire>
	<quest_hire>
		<id>33</id>
		<qid>33</qid>
		<hire>メダル交換が可能</hire>
		<hireitemid>-1</hireitemid>
		<hireitemcount>0</hireitemcount>
		<hiretype>0</hiretype>
	</quest_hire>
	<quest_hire>
		<id>34</id>
		<qid>34</qid>
		<hire>転職が可能</hire>
		<hireitemid>-1</hireitemid>
		<hireitemcount>0</hireitemcount>
		<hiretype>0</hiretype>
	</quest_hire>
	<quest_hire>
		<id>35</id>
		<qid>35</qid>
		<hire>ルーラストーン</hire>
		<hireitemid>-1</hireitemid>
		<hireitemcount>0</hireitemcount>
		<hiretype>0</hiretype>
	</quest_hire>
	<quest_hire>
		<id>36</id>
		<qid>36</qid>
		<hire>どうぐかばんにつかうものを３０種類入れられるようになる</hire>
		<hireitemid>-1</hireitemid>
		<hireitemcount>0</hireitemcount>
		<hiretype>0</hiretype>
	</quest_hire>
	<quest_hire>
		<id>37</id>
		<qid>37</qid>
		<hire>とうぞくのかぎ</hire>
		<hireitemid>-1</hireitemid>
		<hireitemcount>0</hireitemcount>
		<hiretype>0</hiretype>
	</quest_hire>
	<quest_hire>
		<id>38</id>
		<qid>38</qid>
		<hire/>
		<hireitemid>66</hireitemid>
		<hireitemcount>5</hireitemcount>
		<hiretype>0</hiretype>
	</quest_hire>
	<quest_hire>
		<id>39</id>
		<qid>39</qid>
		<hire>Lv11以上の武器鍛冶職人になれる</hire>
		<hireitemid>-1</hireitemid>
		<hireitemcount>0</hireitemcount>
		<hiretype>0</hiretype>
	</quest_hire>
	<quest_hire>
		<id>40</id>
		<qid>39</qid>
		<hire/>
		<hireitemid>563</hireitemid>
		<hireitemcount>1</hireitemcount>
		<hiretype>0</hiretype>
	</quest_hire>
	<quest_hire>
		<id>41</id>
		<qid>40</qid>
		<hire/>
		<hireitemid>66</hireitemid>
		<hireitemcount>5</hireitemcount>
		<hiretype>0</hiretype>
	</quest_hire>
	<quest_hire>
		<id>42</id>
		<qid>41</qid>
		<hire>Lv11以上の防具鍛冶職人になれる</hire>
		<hireitemid>-1</hireitemid>
		<hireitemcount>0</hireitemcount>
		<hiretype>0</hiretype>
	</quest_hire>
	<quest_hire>
		<id>43</id>
		<qid>41</qid>
		<hire/>
		<hireitemid>563</hireitemid>
		<hireitemcount>1</hireitemcount>
		<hiretype>0</hiretype>
	</quest_hire>
	<quest_hire>
		<id>44</id>
		<qid>42</qid>
		<hire/>
		<hireitemid>66</hireitemid>
		<hireitemcount>5</hireitemcount>
		<hiretype>0</hiretype>
	</quest_hire>
	<quest_hire>
		<id>45</id>
		<qid>43</qid>
		<hire>Lv11以上の道具鍛冶職人になれる</hire>
		<hireitemid>-1</hireitemid>
		<hireitemcount>0</hireitemcount>
		<hiretype>0</hiretype>
	</quest_hire>
	<quest_hire>
		<id>46</id>
		<qid>43</qid>
		<hire/>
		<hireitemid>563</hireitemid>
		<hireitemcount>1</hireitemcount>
		<hiretype>0</hiretype>
	</quest_hire>
	<quest_hire>
		<id>47</id>
		<qid>44</qid>
		<hire/>
		<hireitemid>3</hireitemid>
		<hireitemcount>5</hireitemcount>
		<hiretype>0</hiretype>
	</quest_hire>
	<quest_hire>
		<id>48</id>
		<qid>45</qid>
		<hire>Lv11以上の裁縫職人になれる</hire>
		<hireitemid>-1</hireitemid>
		<hireitemcount>0</hireitemcount>
		<hiretype>0</hiretype>
	</quest_hire>
	<quest_hire>
		<id>49</id>
		<qid>45</qid>
		<hire>鉄の裁縫針</hire>
		<hireitemid>-1</hireitemid>
		<hireitemcount>1</hireitemcount>
		<hiretype>0</hiretype>
	</quest_hire>
	<quest_hire>
		<id>50</id>
		<qid>46</qid>
		<hire/>
		<hireitemid>109</hireitemid>
		<hireitemcount>5</hireitemcount>
		<hiretype>0</hiretype>
	</quest_hire>
	<quest_hire>
		<id>51</id>
		<qid>47</qid>
		<hire>Lv11以上の木工職人になれる</hire>
		<hireitemid>-1</hireitemid>
		<hireitemcount>0</hireitemcount>
		<hiretype>0</hiretype>
	</quest_hire>
	<quest_hire>
		<id>52</id>
		<qid>47</qid>
		<hire/>
		<hireitemid>700</hireitemid>
		<hireitemcount>1</hireitemcount>
		<hiretype>0</hiretype>
	</quest_hire>
	<quest_hire>
		<id>53</id>
		<qid>48</qid>
		<hire/>
		<hireitemid>94</hireitemid>
		<hireitemcount>3</hireitemcount>
		<hiretype>0</hiretype>
	</quest_hire>
	<quest_hire>
		<id>54</id>
		<qid>49</qid>
		<hire>Lv11以上のランプ錬金職人になれる</hire>
		<hireitemid>-1</hireitemid>
		<hireitemcount>0</hireitemcount>
		<hiretype>0</hiretype>
	</quest_hire>
	<quest_hire>
		<id>55</id>
		<qid>49</qid>
		<hire/>
		<hireitemid>708</hireitemid>
		<hireitemcount>1</hireitemcount>
		<hiretype>0</hiretype>
	</quest_hire>
	<quest_hire>
		<id>56</id>
		<qid>50</qid>
		<hire/>
		<hireitemid>33</hireitemid>
		<hireitemcount>3</hireitemcount>
		<hiretype>0</hiretype>
	</quest_hire>
	<quest_hire>
		<id>57</id>
		<qid>51</qid>
		<hire>Lv11以上のツボ錬金職人になれる</hire>
		<hireitemid>-1</hireitemid>
		<hireitemcount>0</hireitemcount>
		<hiretype>0</hiretype>
	</quest_hire>
	<quest_hire>
		<id>58</id>
		<qid>51</qid>
		<hire/>
		<hireitemid>567</hireitemid>
		<hireitemcount>1</hireitemcount>
		<hiretype>0</hiretype>
	</quest_hire>
	<quest_hire>
		<id>59</id>
		<qid>52</qid>
		<hire/>
		<hireitemid>517</hireitemid>
		<hireitemcount>1</hireitemcount>
		<hiretype>0</hiretype>
	</quest_hire>
	<quest_hire>
		<id>60</id>
		<qid>53</qid>
		<hire/>
		<hireitemid>361</hireitemid>
		<hireitemcount>1</hireitemcount>
		<hiretype>0</hiretype>
	</quest_hire>
	<quest_hire>
		<id>61</id>
		<qid>53</qid>
		<hire/>
		<hireitemid>479</hireitemid>
		<hireitemcount>1</hireitemcount>
		<hiretype>0</hiretype>
	</quest_hire>
	<quest_hire>
		<id>62</id>
		<qid>54</qid>
		<hire/>
		<hireitemid>402</hireitemid>
		<hireitemcount>1</hireitemcount>
		<hiretype>0</hiretype>
	</quest_hire>
	<quest_hire>
		<id>63</id>
		<qid>54</qid>
		<hire/>
		<hireitemid>444</hireitemid>
		<hireitemcount>1</hireitemcount>
		<hiretype>0</hiretype>
	</quest_hire>
	<quest_hire>
		<id>64</id>
		<qid>55</qid>
		<hire>戦士の必殺技を覚える</hire>
		<hireitemid>-1</hireitemid>
		<hireitemcount>0</hireitemcount>
		<hiretype>0</hiretype>
	</quest_hire>
	<quest_hire>
		<id>65</id>
		<qid>56</qid>
		<hire>戦士の証</hire>
		<hireitemid>-1</hireitemid>
		<hireitemcount>0</hireitemcount>
		<hiretype>0</hiretype>
	</quest_hire>
	<quest_hire>
		<id>66</id>
		<qid>57</qid>
		<hire/>
		<hireitemid>518</hireitemid>
		<hireitemcount>1</hireitemcount>
		<hiretype>0</hiretype>
	</quest_hire>
	<quest_hire>
		<id>67</id>
		<qid>57</qid>
		<hire/>
		<hireitemid>132</hireitemid>
		<hireitemcount>3</hireitemcount>
		<hiretype>0</hiretype>
	</quest_hire>
	<quest_hire>
		<id>68</id>
		<qid>58</qid>
		<hire/>
		<hireitemid>362</hireitemid>
		<hireitemcount>1</hireitemcount>
		<hiretype>0</hiretype>
	</quest_hire>
	<quest_hire>
		<id>69</id>
		<qid>59</qid>
		<hire/>
		<hireitemid>403</hireitemid>
		<hireitemcount>1</hireitemcount>
		<hiretype>0</hiretype>
	</quest_hire>
	<quest_hire>
		<id>70</id>
		<qid>60</qid>
		<hire>僧侶の必殺技を覚える</hire>
		<hireitemid>-1</hireitemid>
		<hireitemcount>0</hireitemcount>
		<hiretype>0</hiretype>
	</quest_hire>
	<quest_hire>
		<id>71</id>
		<qid>61</qid>
		<hire>僧侶の証</hire>
		<hireitemid>-1</hireitemid>
		<hireitemcount>0</hireitemcount>
		<hiretype>0</hiretype>
	</quest_hire>
	<quest_hire>
		<id>72</id>
		<qid>62</qid>
		<hire/>
		<hireitemid>519</hireitemid>
		<hireitemcount>1</hireitemcount>
		<hiretype>0</hiretype>
	</quest_hire>
	<quest_hire>
		<id>73</id>
		<qid>63</qid>
		<hire/>
		<hireitemid>363</hireitemid>
		<hireitemcount>1</hireitemcount>
		<hiretype>0</hiretype>
	</quest_hire>
	<quest_hire>
		<id>74</id>
		<qid>64</qid>
		<hire/>
		<hireitemid>404</hireitemid>
		<hireitemcount>1</hireitemcount>
		<hiretype>0</hiretype>
	</quest_hire>
	<quest_hire>
		<id>75</id>
		<qid>64</qid>
		<hire/>
		<hireitemid>445</hireitemid>
		<hireitemcount>1</hireitemcount>
		<hiretype>0</hiretype>
	</quest_hire>
	<quest_hire>
		<id>76</id>
		<qid>65</qid>
		<hire>魔法使いの必殺技を覚える</hire>
		<hireitemid>-1</hireitemid>
		<hireitemcount>0</hireitemcount>
		<hiretype>0</hiretype>
	</quest_hire>
	<quest_hire>
		<id>77</id>
		<qid>66</qid>
		<hire>魔法使いの証</hire>
		<hireitemid>-1</hireitemid>
		<hireitemcount>0</hireitemcount>
		<hiretype>0</hiretype>
	</quest_hire>
	<quest_hire>
		<id>78</id>
		<qid>67</qid>
		<hire/>
		<hireitemid>520</hireitemid>
		<hireitemcount>1</hireitemcount>
		<hiretype>0</hiretype>
	</quest_hire>
	<quest_hire>
		<id>79</id>
		<qid>68</qid>
		<hire/>
		<hireitemid>554</hireitemid>
		<hireitemcount>1</hireitemcount>
		<hiretype>0</hiretype>
	</quest_hire>
	<quest_hire>
		<id>80</id>
		<qid>69</qid>
		<hire/>
		<hireitemid>405</hireitemid>
		<hireitemcount>1</hireitemcount>
		<hiretype>0</hiretype>
	</quest_hire>
	<quest_hire>
		<id>81</id>
		<qid>70</qid>
		<hire>武闘家の必殺技を覚える</hire>
		<hireitemid>-1</hireitemid>
		<hireitemcount>0</hireitemcount>
		<hiretype>0</hiretype>
	</quest_hire>
	<quest_hire>
		<id>82</id>
		<qid>71</qid>
		<hire>武闘家の証</hire>
		<hireitemid>-1</hireitemid>
		<hireitemcount>0</hireitemcount>
		<hiretype>0</hiretype>
	</quest_hire>
	<quest_hire>
		<id>83</id>
		<qid>72</qid>
		<hire/>
		<hireitemid>521</hireitemid>
		<hireitemcount>1</hireitemcount>
		<hiretype>0</hiretype>
	</quest_hire>
	<quest_hire>
		<id>84</id>
		<qid>73</qid>
		<hire/>
		<hireitemid>364</hireitemid>
		<hireitemcount>1</hireitemcount>
		<hiretype>0</hiretype>
	</quest_hire>
	<quest_hire>
		<id>85</id>
		<qid>73</qid>
		<hire/>
		<hireitemid>480</hireitemid>
		<hireitemcount>1</hireitemcount>
		<hiretype>0</hiretype>
	</quest_hire>
	<quest_hire>
		<id>86</id>
		<qid>74</qid>
		<hire/>
		<hireitemid>406</hireitemid>
		<hireitemcount>1</hireitemcount>
		<hiretype>0</hiretype>
	</quest_hire>
	<quest_hire>
		<id>87</id>
		<qid>74</qid>
		<hire/>
		<hireitemid>446</hireitemid>
		<hireitemcount>1</hireitemcount>
		<hiretype>0</hiretype>
	</quest_hire>
	<quest_hire>
		<id>88</id>
		<qid>75</qid>
		<hire>盗賊の必殺技を覚える</hire>
		<hireitemid>-1</hireitemid>
		<hireitemcount>0</hireitemcount>
		<hiretype>0</hiretype>
	</quest_hire>
	<quest_hire>
		<id>89</id>
		<qid>76</qid>
		<hire>盗賊の証</hire>
		<hireitemid>-1</hireitemid>
		<hireitemcount>0</hireitemcount>
		<hiretype>0</hiretype>
	</quest_hire>
	<quest_hire>
		<id>90</id>
		<qid>77</qid>
		<hire/>
		<hireitemid>522</hireitemid>
		<hireitemcount>1</hireitemcount>
		<hiretype>0</hiretype>
	</quest_hire>
	<quest_hire>
		<id>91</id>
		<qid>78</qid>
		<hire/>
		<hireitemid>365</hireitemid>
		<hireitemcount>1</hireitemcount>
		<hiretype>0</hiretype>
	</quest_hire>
	<quest_hire>
		<id>92</id>
		<qid>79</qid>
		<hire/>
		<hireitemid>407</hireitemid>
		<hireitemcount>1</hireitemcount>
		<hiretype>0</hiretype>
	</quest_hire>
	<quest_hire>
		<id>93</id>
		<qid>79</qid>
		<hire/>
		<hireitemid>447</hireitemid>
		<hireitemcount>1</hireitemcount>
		<hiretype>0</hiretype>
	</quest_hire>
	<quest_hire>
		<id>94</id>
		<qid>80</qid>
		<hire>旅芸人の必殺技を覚える</hire>
		<hireitemid>-1</hireitemid>
		<hireitemcount>0</hireitemcount>
		<hiretype>0</hiretype>
	</quest_hire>
	<quest_hire>
		<id>95</id>
		<qid>81</qid>
		<hire>旅芸人の証</hire>
		<hireitemid>-1</hireitemid>
		<hireitemcount>0</hireitemcount>
		<hiretype>0</hiretype>
	</quest_hire>
	<quest_hire>
		<id>96</id>
		<qid>82</qid>
		<hire/>
		<hireitemid>132</hireitemid>
		<hireitemcount>3</hireitemcount>
		<hiretype>0</hiretype>
	</quest_hire>
	<quest_hire>
		<id>97</id>
		<qid>83</qid>
		<hire/>
		<hireitemid>14</hireitemid>
		<hireitemcount>2</hireitemcount>
		<hiretype>0</hiretype>
	</quest_hire>
	<quest_hire>
		<id>98</id>
		<qid>84</qid>
		<hire/>
		<hireitemid>87</hireitemid>
		<hireitemcount>3</hireitemcount>
		<hiretype>0</hiretype>
	</quest_hire>
	<quest_hire>
		<id>99</id>
		<qid>85</qid>
		<hire>経験値の古文書・中</hire>
		<hireitemid>-1</hireitemid>
		<hireitemcount>0</hireitemcount>
		<hiretype>0</hiretype>
	</quest_hire>
	<quest_hire>
		<id>100</id>
		<qid>86</qid>
		<hire/>
		<hireitemid>116</hireitemid>
		<hireitemcount>1</hireitemcount>
		<hiretype>0</hiretype>
	</quest_hire>
	<quest_hire>
		<id>101</id>
		<qid>86</qid>
		<hire>称号「聖杯配達人」</hire>
		<hireitemid>-1</hireitemid>
		<hireitemcount>0</hireitemcount>
		<hiretype>0</hiretype>
	</quest_hire>
	<quest_hire>
		<id>102</id>
		<qid>87</qid>
		<hire/>
		<hireitemid>136</hireitemid>
		<hireitemcount>2</hireitemcount>
		<hiretype>0</hiretype>
	</quest_hire>
	<quest_hire>
		<id>103</id>
		<qid>88</qid>
		<hire/>
		<hireitemid>136</hireitemid>
		<hireitemcount>4</hireitemcount>
		<hiretype>0</hiretype>
	</quest_hire>
	<quest_hire>
		<id>104</id>
		<qid>89</qid>
		<hire/>
		<hireitemid>87</hireitemid>
		<hireitemcount>3</hireitemcount>
		<hiretype>0</hiretype>
	</quest_hire>
	<quest_hire>
		<id>105</id>
		<qid>90</qid>
		<hire>三闘士のオノ</hire>
		<hireitemid>-1</hireitemid>
		<hireitemcount>1</hireitemcount>
		<hiretype>0</hiretype>
	</quest_hire>
	<quest_hire>
		<id>106</id>
		<qid>91</qid>
		<hire/>
		<hireitemid>7</hireitemid>
		<hireitemcount>1</hireitemcount>
		<hiretype>0</hiretype>
	</quest_hire>
	<quest_hire>
		<id>107</id>
		<qid>92</qid>
		<hire/>
		<hireitemid>-1</hireitemid>
		<hireitemcount>0</hireitemcount>
		<hiretype>0</hiretype>
	</quest_hire>
	<quest_hire>
		<id>108</id>
		<qid>93</qid>
		<hire/>
		<hireitemid>-1</hireitemid>
		<hireitemcount>0</hireitemcount>
		<hiretype>0</hiretype>
	</quest_hire>
	<quest_hire>
		<id>109</id>
		<qid>94</qid>
		<hire/>
		<hireitemid>-1</hireitemid>
		<hireitemcount>0</hireitemcount>
		<hiretype>0</hiretype>
	</quest_hire>
	<quest_hire>
		<id>110</id>
		<qid>95</qid>
		<hire>装備品が50個持てるようになる</hire>
		<hireitemid>-1</hireitemid>
		<hireitemcount>0</hireitemcount>
		<hiretype>0</hiretype>
	</quest_hire>
	<quest_hire>
		<id>111</id>
		<qid>96</qid>
		<hire>やりなおしの宝珠</hire>
		<hireitemid>-1</hireitemid>
		<hireitemcount>0</hireitemcount>
		<hiretype>0</hiretype>
	</quest_hire>
	<quest_hire>
		<id>112</id>
		<qid>97</qid>
		<hire>[しぐさ] おねだり</hire>
		<hireitemid>-1</hireitemid>
		<hireitemcount>0</hireitemcount>
		<hiretype>0</hiretype>
	</quest_hire>
	<quest_hire>
		<id>113</id>
		<qid>97</qid>
		<hire>ビッグホルン使用可能に</hire>
		<hireitemid>-1</hireitemid>
		<hireitemcount>0</hireitemcount>
		<hiretype>0</hiretype>
	</quest_hire>
	<quest_hire>
		<id>114</id>
		<qid>98</qid>
		<hire>[しぐさ] サイクロンダンス</hire>
		<hireitemid>-1</hireitemid>
		<hireitemcount>0</hireitemcount>
		<hiretype>0</hiretype>
	</quest_hire>
	<quest_hire>
		<id>115</id>
		<qid>99</qid>
		<hire>Lv55まで上がるようになる</hire>
		<hireitemid>-1</hireitemid>
		<hireitemcount>0</hireitemcount>
		<hiretype>0</hiretype>
	</quest_hire>
	<quest_hire>
		<id>116</id>
		<qid>100</qid>
		<hire>パラディンに転職できる</hire>
		<hireitemid>-1</hireitemid>
		<hireitemcount>0</hireitemcount>
		<hiretype>0</hiretype>
	</quest_hire>
	<quest_hire>
		<id>117</id>
		<qid>101</qid>
		<hire>レンジャーに転職できる</hire>
		<hireitemid>-1</hireitemid>
		<hireitemcount>0</hireitemcount>
		<hiretype>0</hiretype>
	</quest_hire>
</content>