<?xml version="1.0" encoding="UTF-8" standalone="yes"?>
<content>
	<quest_flow>
		<id>1</id>
		<qid>1</qid>
		<flow>プクレットの村の東部民家でハンポンからクエストを受注</flow>
	</quest_flow>
	<quest_flow>
		<id>2</id>
		<qid>1</qid>
		<flow>村内南部にいるポニーナの前で「みーつけた！」とチャットするとイベントが進行</flow>
	</quest_flow>
	<quest_flow>
		<id>3</id>
		<qid>1</qid>
		<flow>元の場所に戻って報告するとクリア</flow>
	</quest_flow>
	<quest_flow>
		<id>4</id>
		<qid>2</qid>
		<flow>宿屋にいるモーラからクエストを受注</flow>
	</quest_flow>
	<quest_flow>
		<id>5</id>
		<qid>2</qid>
		<flow>村の北の民家にいるコタースの前で「ごめんねなの！」とチャットするとイベントが進行</flow>
	</quest_flow>
	<quest_flow>
		<id>6</id>
		<qid>2</qid>
		<flow>元の場所に戻って報告するとクリア</flow>
	</quest_flow>
	<quest_flow>
		<id>7</id>
		<qid>3</qid>
		<flow>老師レタラからクエストを受注</flow>
	</quest_flow>
	<quest_flow>
		<id>8</id>
		<qid>3</qid>
		<flow>老師ワッタの前で「せんせいおしえて！」とチャットするとイベントが進行</flow>
	</quest_flow>
	<quest_flow>
		<id>9</id>
		<qid>3</qid>
		<flow>元の場所に戻って報告するとクリア</flow>
	</quest_flow>
	<quest_flow>
		<id>10</id>
		<qid>4</qid>
		<flow>武器屋の上の民家にいるゴンジからクエストを受注</flow>
	</quest_flow>
	<quest_flow>
		<id>11</id>
		<qid>4</qid>
		<flow>村王の家の前にいるベガザンの前で「ごはんだよ！」とチャットするとイベントが進行</flow>
	</quest_flow>
	<quest_flow>
		<id>12</id>
		<qid>4</qid>
		<flow>元の場所に戻って報告するとクリア</flow>
	</quest_flow>
	<quest_flow>
		<id>13</id>
		<qid>5</qid>
		<flow>アグラニ上層の民家でサホホからクエストを受注</flow>
	</quest_flow>
	<quest_flow>
		<id>14</id>
		<qid>5</qid>
		<flow>神カラクリで下層へ</flow>
	</quest_flow>
	<quest_flow>
		<id>15</id>
		<qid>5</qid>
		<flow>ウウラにチャットで「おめでとーん！」と発言</flow>
	</quest_flow>
	<quest_flow>
		<id>16</id>
		<qid>5</qid>
		<flow>民家に戻ってサホホに報告してクリア</flow>
	</quest_flow>
	<quest_flow>
		<id>17</id>
		<qid>6</qid>
		<flow>マエタケから受注</flow>
	</quest_flow>
	<quest_flow>
		<id>18</id>
		<qid>6</qid>
		<flow>あばれこまいぬを倒して風音のユリを入手</flow>
	</quest_flow>
	<quest_flow>
		<id>19</id>
		<qid>6</qid>
		<flow>マエタケからメッセージカードを受け取りフシコに渡す</flow>
	</quest_flow>
	<quest_flow>
		<id>20</id>
		<qid>6</qid>
		<flow>マエタケに報告</flow>
	</quest_flow>
	<quest_flow>
		<id>21</id>
		<qid>7</qid>
		<flow>バンから受注</flow>
	</quest_flow>
	<quest_flow>
		<id>22</id>
		<qid>7</qid>
		<flow>マドハンドを倒してマドハン泥を入手</flow>
	</quest_flow>
	<quest_flow>
		<id>23</id>
		<qid>7</qid>
		<flow>マドハンドはグレン領東に生息</flow>
	</quest_flow>
	<quest_flow>
		<id>24</id>
		<qid>7</qid>
		<flow>マドハン泥をバンに渡す</flow>
	</quest_flow>
	<quest_flow>
		<id>25</id>
		<qid>8</qid>
		<flow>マリーブから受注</flow>
	</quest_flow>
	<quest_flow>
		<id>26</id>
		<qid>8</qid>
		<flow>タップペンギーを倒して幸せのはねを入手</flow>
	</quest_flow>
	<quest_flow>
		<id>27</id>
		<qid>8</qid>
		<flow>タップペンギーはラーディス王島に生息</flow>
	</quest_flow>
	<quest_flow>
		<id>28</id>
		<qid>8</qid>
		<flow>幸せのはねをマリーブに渡す</flow>
	</quest_flow>
	<quest_flow>
		<id>29</id>
		<qid>8</qid>
		<flow>キュララナ海岸にいるムーロンと話す</flow>
	</quest_flow>
	<quest_flow>
		<id>30</id>
		<qid>8</qid>
		<flow>マリーブに報告</flow>
	</quest_flow>
	<quest_flow>
		<id>31</id>
		<qid>9</qid>
		<flow>展望台にいるツーゴから受注</flow>
	</quest_flow>
	<quest_flow>
		<id>32</id>
		<qid>9</qid>
		<flow>ガタラ原野の遺跡の森にある仕掛け（地図上の3つある○の左下にある○）を動作させてツーゴに報告</flow>
	</quest_flow>
	<quest_flow>
		<id>33</id>
		<qid>10</qid>
		<flow>裏通りにいるレポッチから受注</flow>
	</quest_flow>
	<quest_flow>
		<id>34</id>
		<qid>10</qid>
		<flow>ミュルエルの森の小屋内にいるピプゼールと話して古い写真を入手</flow>
	</quest_flow>
	<quest_flow>
		<id>35</id>
		<qid>10</qid>
		<flow>古い写真をレポッチに渡す</flow>
	</quest_flow>
	<quest_flow>
		<id>36</id>
		<qid>11</qid>
		<flow>レンドア南の船舶管理局でクエスト受注</flow>
	</quest_flow>
	<quest_flow>
		<id>37</id>
		<qid>11</qid>
		<flow>オーグリード大陸ベコン渓谷の北西部洞窟でチャームバットを何匹も倒してゆうわくエキス入手</flow>
	</quest_flow>
	<quest_flow>
		<id>38</id>
		<qid>11</qid>
		<flow>レンドア南で報告</flow>
	</quest_flow>
	<quest_flow>
		<id>39</id>
		<qid>12</qid>
		<flow>城の厨房にいるコックのデヤーサから受注</flow>
	</quest_flow>
	<quest_flow>
		<id>40</id>
		<qid>12</qid>
		<flow>タコメットを倒してタコツキ貝を入手</flow>
	</quest_flow>
	<quest_flow>
		<id>41</id>
		<qid>12</qid>
		<flow>コックのデヤーサにタコツキ貝を渡す</flow>
	</quest_flow>
	<quest_flow>
		<id>42</id>
		<qid>13</qid>
		<flow>街の北西部にある民家の2階でヒピペナから受注</flow>
	</quest_flow>
	<quest_flow>
		<id>43</id>
		<qid>13</qid>
		<flow>荒野の休憩所で小さな民家の模型を入手</flow>
	</quest_flow>
	<quest_flow>
		<id>44</id>
		<qid>13</qid>
		<flow>小さな民家の模型を城の会議室の模型に戻し、ヒピペナに報告する</flow>
	</quest_flow>
	<quest_flow>
		<id>45</id>
		<qid>14</qid>
		<flow>第3層のウィーマから受注</flow>
	</quest_flow>
	<quest_flow>
		<id>46</id>
		<qid>14</qid>
		<flow>ヴァース大山林でじごくのたまねぎを何匹も倒してじごくのネギボーズ入手</flow>
	</quest_flow>
	<quest_flow>
		<id>47</id>
		<qid>14</qid>
		<flow>依頼人に話してクリア</flow>
	</quest_flow>
	<quest_flow>
		<id>48</id>
		<qid>15</qid>
		<flow>城内の茶室にいるチャセンから受注</flow>
	</quest_flow>
	<quest_flow>
		<id>49</id>
		<qid>15</qid>
		<flow>イナミノ街道にある破魔のヒスイを調べて紺碧のヒスイを入手</flow>
	</quest_flow>
	<quest_flow>
		<id>50</id>
		<qid>15</qid>
		<flow>紺碧のヒスイをチャセンに渡す</flow>
	</quest_flow>
	<quest_flow>
		<id>51</id>
		<qid>16</qid>
		<flow>城内の王立研究院にいるルルティマから受注</flow>
	</quest_flow>
	<quest_flow>
		<id>52</id>
		<qid>16</qid>
		<flow>ゴブル砂漠東の北東にある謎の半球体地帯から半球体のかけらを入手</flow>
	</quest_flow>
	<quest_flow>
		<id>53</id>
		<qid>16</qid>
		<flow>半球体のかけらをルルティマに渡す</flow>
	</quest_flow>
	<quest_flow>
		<id>54</id>
		<qid>17</qid>
		<flow>城4階でゼラリム姫から受注</flow>
	</quest_flow>
	<quest_flow>
		<id>55</id>
		<qid>17</qid>
		<flow>城下町の下層のぬいぐるみ屋でイベント</flow>
	</quest_flow>
	<quest_flow>
		<id>56</id>
		<qid>17</qid>
		<flow>ピィピのお宿でピルクノに話し、作りかけのぬいぐるみをもらう</flow>
	</quest_flow>
	<quest_flow>
		<id>57</id>
		<qid>17</qid>
		<flow>ぬいぐるみ屋に渡してチョコ神ぬいぐるみを入手</flow>
	</quest_flow>
	<quest_flow>
		<id>58</id>
		<qid>17</qid>
		<flow>城4階でゼラリム姫に話してクリア</flow>
	</quest_flow>
	<quest_flow>
		<id>59</id>
		<qid>18</qid>
		<flow>王立調査団詰所でエリーゴ調査員から受注</flow>
	</quest_flow>
	<quest_flow>
		<id>60</id>
		<qid>18</qid>
		<flow>城下町酒場前のケーモス老と話す</flow>
	</quest_flow>
	<quest_flow>
		<id>61</id>
		<qid>18</qid>
		<flow>ケーモス老にとげウニを渡す</flow>
	</quest_flow>
	<quest_flow>
		<id>62</id>
		<qid>18</qid>
		<flow>城内の大使室の本棚を調べて古びた王家の本を入手</flow>
	</quest_flow>
	<quest_flow>
		<id>63</id>
		<qid>18</qid>
		<flow>エリーゴ調査員に古びた王家の本を渡す</flow>
	</quest_flow>
	<quest_flow>
		<id>64</id>
		<qid>19</qid>
		<flow>便せん屋タルヒから受注</flow>
	</quest_flow>
	<quest_flow>
		<id>65</id>
		<qid>19</qid>
		<flow>ふゆうじゅを倒して万年桜の花を入手</flow>
	</quest_flow>
	<quest_flow>
		<id>66</id>
		<qid>19</qid>
		<flow>ふゆうじゅはアズラン地方に生息</flow>
	</quest_flow>
	<quest_flow>
		<id>67</id>
		<qid>19</qid>
		<flow>万年桜の花をタルヒに渡す</flow>
	</quest_flow>
	<quest_flow>
		<id>68</id>
		<qid>20</qid>
		<flow>便せん屋アオノから受注</flow>
	</quest_flow>
	<quest_flow>
		<id>69</id>
		<qid>20</qid>
		<flow>爆弾岩を倒して夕陽の石を入手</flow>
	</quest_flow>
	<quest_flow>
		<id>70</id>
		<qid>20</qid>
		<flow>夕陽の石をアオノに渡す</flow>
	</quest_flow>
	<quest_flow>
		<id>71</id>
		<qid>21</qid>
		<flow>便せん屋ユリネから受注</flow>
	</quest_flow>
	<quest_flow>
		<id>72</id>
		<qid>21</qid>
		<flow>シ－ドッグを倒してウミヤシの葉を入手</flow>
	</quest_flow>
	<quest_flow>
		<id>73</id>
		<qid>21</qid>
		<flow>シードッグはラーディス王島に生息</flow>
	</quest_flow>
	<quest_flow>
		<id>74</id>
		<qid>21</qid>
		<flow>ウミヤシの葉をユリネに渡す</flow>
	</quest_flow>
	<quest_flow>
		<id>75</id>
		<qid>22</qid>
		<flow>便せん屋ハナサトから受注</flow>
	</quest_flow>
	<quest_flow>
		<id>76</id>
		<qid>22</qid>
		<flow>しのどれいから太古の砂金を入手</flow>
	</quest_flow>
	<quest_flow>
		<id>77</id>
		<qid>22</qid>
		<flow>しのどれいはモガリム街道の古い坑道に生息</flow>
	</quest_flow>
	<quest_flow>
		<id>78</id>
		<qid>22</qid>
		<flow>太古の砂金をハナサトに渡す</flow>
	</quest_flow>
	<quest_flow>
		<id>79</id>
		<qid>23</qid>
		<flow>オルフェアの町の郵便局でクエストを受注</flow>
	</quest_flow>
	<quest_flow>
		<id>80</id>
		<qid>23</qid>
		<flow>オルフェア地方西でトンブレロを何匹か倒してプクベリー入手</flow>
	</quest_flow>
	<quest_flow>
		<id>81</id>
		<qid>23</qid>
		<flow>郵便局に持っていくとクリア</flow>
	</quest_flow>
	<quest_flow>
		<id>82</id>
		<qid>24</qid>
		<flow>郵便局で受注</flow>
	</quest_flow>
	<quest_flow>
		<id>83</id>
		<qid>24</qid>
		<flow>ヴェリナード領西のそよ風の浜でフェルーメに話してさざなみの貴石を入手</flow>
	</quest_flow>
	<quest_flow>
		<id>84</id>
		<qid>24</qid>
		<flow>さざなみの貴石をカノコに渡す</flow>
	</quest_flow>
	<quest_flow>
		<id>85</id>
		<qid>25</qid>
		<flow>便せん屋イチハから受注</flow>
	</quest_flow>
	<quest_flow>
		<id>86</id>
		<qid>25</qid>
		<flow>オルセコ高地中央部の剣岩で剣を調べ、巨大剣のサビを入手</flow>
	</quest_flow>
	<quest_flow>
		<id>87</id>
		<qid>25</qid>
		<flow>巨大剣のサビをイチハに渡す</flow>
	</quest_flow>
	<quest_flow>
		<id>88</id>
		<qid>26</qid>
		<flow>便せん屋ヤマメから受注</flow>
	</quest_flow>
	<quest_flow>
		<id>89</id>
		<qid>26</qid>
		<flow>モコフルを倒して幸福のモコモコを入手</flow>
	</quest_flow>
	<quest_flow>
		<id>90</id>
		<qid>26</qid>
		<flow>幸福のモコモコをヤマメに渡す</flow>
	</quest_flow>
	<quest_flow>
		<id>91</id>
		<qid>27</qid>
		<flow>郵便局で受注</flow>
	</quest_flow>
	<quest_flow>
		<id>92</id>
		<qid>27</qid>
		<flow>ヴェリナード領南にでネイルビーストを何匹も倒して白亜の貝がらを入手</flow>
	</quest_flow>
	<quest_flow>
		<id>93</id>
		<qid>27</qid>
		<flow>郵便局に持って帰ってクリア</flow>
	</quest_flow>
	<quest_flow>
		<id>94</id>
		<qid>28</qid>
		<flow>郵便局で受注</flow>
	</quest_flow>
	<quest_flow>
		<id>95</id>
		<qid>28</qid>
		<flow>カミハルムイ領南の時雨の泉を調べて時雨のしずくを入手</flow>
	</quest_flow>
	<quest_flow>
		<id>96</id>
		<qid>28</qid>
		<flow>郵便局に持っていく</flow>
	</quest_flow>
	<quest_flow>
		<id>97</id>
		<qid>29</qid>
		<flow>郵便局で便せん屋ミズナから受注</flow>
	</quest_flow>
	<quest_flow>
		<id>98</id>
		<qid>29</qid>
		<flow>カルデア山道でフレイムを何度も倒してフレアパウダーを入手</flow>
	</quest_flow>
	<quest_flow>
		<id>99</id>
		<qid>29</qid>
		<flow>フレアパウダーをミズナに渡してクリア</flow>
	</quest_flow>
	<quest_flow>
		<id>100</id>
		<qid>30</qid>
		<flow>預かり所の従業員から受注</flow>
	</quest_flow>
	<quest_flow>
		<id>101</id>
		<qid>30</qid>
		<flow>バブルスライムを倒してきらめきインクを入手</flow>
	</quest_flow>
	<quest_flow>
		<id>102</id>
		<qid>30</qid>
		<flow>預かり所の従業員にきらめきインクを渡す</flow>
	</quest_flow>
	<quest_flow>
		<id>103</id>
		<qid>31</qid>
		<flow>各酒場の紹介人から受注</flow>
	</quest_flow>
	<quest_flow>
		<id>104</id>
		<qid>31</qid>
		<flow>娯楽島ラッカランの素材屋ナディからさえずりのみつを購入</flow>
	</quest_flow>
	<quest_flow>
		<id>105</id>
		<qid>31</qid>
		<flow>さえずりのみつを紹介人に渡す</flow>
	</quest_flow>
	<quest_flow>
		<id>106</id>
		<qid>32</qid>
		<flow>各地の宿の案内係から受注</flow>
	</quest_flow>
	<quest_flow>
		<id>107</id>
		<qid>32</qid>
		<flow>リリパットかしびれだんびらを倒してアストルニウムを入手</flow>
	</quest_flow>
	<quest_flow>
		<id>108</id>
		<qid>32</qid>
		<flow>宿の案内係にアストルニウムを渡す</flow>
	</quest_flow>
	<quest_flow>
		<id>109</id>
		<qid>33</qid>
		<flow>鉄道に乗って娯楽島ラッカランへ。王の間で執事クラノッホからクエスト受注</flow>
	</quest_flow>
	<quest_flow>
		<id>110</id>
		<qid>33</qid>
		<flow>プクランド大陸のオルフェアの町からオルフェア地方西→風車の丘→キラキラ大風車塔へ</flow>
	</quest_flow>
	<quest_flow>
		<id>111</id>
		<qid>33</qid>
		<flow>キラキラ大風車塔の外観2階でレノッホに話す</flow>
	</quest_flow>
	<quest_flow>
		<id>112</id>
		<qid>33</qid>
		<flow>クラノッホに報告</flow>
	</quest_flow>
	<quest_flow>
		<id>113</id>
		<qid>34</qid>
		<flow>各酒場にいる神官より受注</flow>
	</quest_flow>
	<quest_flow>
		<id>114</id>
		<qid>34</qid>
		<flow>オーグリード大陸のグレン領西にいるゴーレムを倒してみきわめの石を入手</flow>
	</quest_flow>
	<quest_flow>
		<id>115</id>
		<qid>34</qid>
		<flow>みきわめの石を神官に渡す</flow>
	</quest_flow>
	<quest_flow>
		<id>116</id>
		<qid>35</qid>
		<flow>鉄道に乗って港町レンドア北へ。マジリクからクエストを受注</flow>
	</quest_flow>
	<quest_flow>
		<id>117</id>
		<qid>35</qid>
		<flow>グレン城下町→グレン領東の東端、爆弾岩の地域の北端でよろいのきしを倒す</flow>
	</quest_flow>
	<quest_flow>
		<id>118</id>
		<qid>35</qid>
		<flow>レンドアに戻って報告するとクリア</flow>
	</quest_flow>
	<quest_flow>
		<id>119</id>
		<qid>36</qid>
		<flow>ジュレットの町の北東部にある井戸の中でクエストを受注</flow>
	</quest_flow>
	<quest_flow>
		<id>120</id>
		<qid>36</qid>
		<flow>ジュレー島上層でリザードマンを何匹も倒して大トカゲの皮を入手</flow>
	</quest_flow>
	<quest_flow>
		<id>121</id>
		<qid>36</qid>
		<flow>ミューズ海岸でジャガーメイジを何度も倒しなめしエキスを入手</flow>
	</quest_flow>
	<quest_flow>
		<id>122</id>
		<qid>36</qid>
		<flow>戻ってきたら、リアル時間で24時間後に話してクエスト達成</flow>
	</quest_flow>
	<quest_flow>
		<id>123</id>
		<qid>37</qid>
		<flow>メギストリス城3階宝物庫でネジロから受注</flow>
	</quest_flow>
	<quest_flow>
		<id>124</id>
		<qid>37</qid>
		<flow>ヴェリナート領南の北東部で、クリスタルハンドを呪いを受けた状態で倒す</flow>
	</quest_flow>
	<quest_flow>
		<id>125</id>
		<qid>37</qid>
		<flow>ネジロに報告</flow>
	</quest_flow>
	<quest_flow>
		<id>126</id>
		<qid>38</qid>
		<flow>マスターラセドから受注</flow>
	</quest_flow>
	<quest_flow>
		<id>127</id>
		<qid>38</qid>
		<flow>銅の鍛冶ハンマーを受け取って装備</flow>
	</quest_flow>
	<quest_flow>
		<id>128</id>
		<qid>38</qid>
		<flow>はじめての武器鍛冶を受け取って使う</flow>
	</quest_flow>
	<quest_flow>
		<id>129</id>
		<qid>38</qid>
		<flow>武器鍛冶で武器を1つ作成</flow>
	</quest_flow>
	<quest_flow>
		<id>130</id>
		<qid>38</qid>
		<flow>マスターラセドに報告</flow>
	</quest_flow>
	<quest_flow>
		<id>131</id>
		<qid>39</qid>
		<flow>マスターラセドから受注</flow>
	</quest_flow>
	<quest_flow>
		<id>132</id>
		<qid>39</qid>
		<flow>★1つ以上のさんぞくのサーベルを作る</flow>
	</quest_flow>
	<quest_flow>
		<id>133</id>
		<qid>39</qid>
		<flow>マスターラセドに完成品を渡す</flow>
	</quest_flow>
	<quest_flow>
		<id>134</id>
		<qid>40</qid>
		<flow>マスターリリムから受注</flow>
	</quest_flow>
	<quest_flow>
		<id>135</id>
		<qid>40</qid>
		<flow>銅の鍛冶ハンマーを受け取って装備</flow>
	</quest_flow>
	<quest_flow>
		<id>136</id>
		<qid>40</qid>
		<flow>はじめての防具鍛冶を受け取って使う</flow>
	</quest_flow>
	<quest_flow>
		<id>137</id>
		<qid>40</qid>
		<flow>防具鍛冶で防具を1つ作成</flow>
	</quest_flow>
	<quest_flow>
		<id>138</id>
		<qid>40</qid>
		<flow>マスターリリムに報告</flow>
	</quest_flow>
	<quest_flow>
		<id>139</id>
		<qid>41</qid>
		<flow>マスターリリムから受注</flow>
	</quest_flow>
	<quest_flow>
		<id>140</id>
		<qid>41</qid>
		<flow>★1つ以上の鉄のむねあてを作る</flow>
	</quest_flow>
	<quest_flow>
		<id>141</id>
		<qid>41</qid>
		<flow>マスターリリムに完成品を渡す</flow>
	</quest_flow>
	<quest_flow>
		<id>142</id>
		<qid>42</qid>
		<flow>マスターバレクスから受注</flow>
	</quest_flow>
	<quest_flow>
		<id>143</id>
		<qid>42</qid>
		<flow>銅の鍛冶ハンマーを受け取って装備</flow>
	</quest_flow>
	<quest_flow>
		<id>144</id>
		<qid>42</qid>
		<flow>はじめての道具鍛冶を受け取って使う</flow>
	</quest_flow>
	<quest_flow>
		<id>145</id>
		<qid>42</qid>
		<flow>道具鍛冶で道具を1つ作成</flow>
	</quest_flow>
	<quest_flow>
		<id>146</id>
		<qid>42</qid>
		<flow>マスターバレクスに報告</flow>
	</quest_flow>
	<quest_flow>
		<id>147</id>
		<qid>43</qid>
		<flow>マスターバレクスから受注</flow>
	</quest_flow>
	<quest_flow>
		<id>148</id>
		<qid>43</qid>
		<flow>★1つ以上の鉄のさいほう針を作る</flow>
	</quest_flow>
	<quest_flow>
		<id>149</id>
		<qid>43</qid>
		<flow>マスターバレクスに完成品を渡す</flow>
	</quest_flow>
	<quest_flow>
		<id>150</id>
		<qid>44</qid>
		<flow>マスターユービアから受注</flow>
	</quest_flow>
	<quest_flow>
		<id>151</id>
		<qid>44</qid>
		<flow>銅のさいほう針を受け取って装備</flow>
	</quest_flow>
	<quest_flow>
		<id>152</id>
		<qid>44</qid>
		<flow>はじめてのさいほうを受け取って使う</flow>
	</quest_flow>
	<quest_flow>
		<id>153</id>
		<qid>44</qid>
		<flow>裁縫で服を1つ作成</flow>
	</quest_flow>
	<quest_flow>
		<id>154</id>
		<qid>44</qid>
		<flow>マスターユービアに報告</flow>
	</quest_flow>
	<quest_flow>
		<id>155</id>
		<qid>45</qid>
		<flow>マスターユービアから受注</flow>
	</quest_flow>
	<quest_flow>
		<id>156</id>
		<qid>45</qid>
		<flow>★1つ以上のくすしのローブ上を作る</flow>
	</quest_flow>
	<quest_flow>
		<id>157</id>
		<qid>45</qid>
		<flow>マスターユービアに完成品を渡す</flow>
	</quest_flow>
	<quest_flow>
		<id>158</id>
		<qid>46</qid>
		<flow>マスターカンナから受注</flow>
	</quest_flow>
	<quest_flow>
		<id>159</id>
		<qid>46</qid>
		<flow>銅の木工刀を受け取って装備</flow>
	</quest_flow>
	<quest_flow>
		<id>160</id>
		<qid>46</qid>
		<flow>はじめての木工術を受け取って使う</flow>
	</quest_flow>
	<quest_flow>
		<id>161</id>
		<qid>46</qid>
		<flow>木工でアイテムを1つ作成</flow>
	</quest_flow>
	<quest_flow>
		<id>162</id>
		<qid>46</qid>
		<flow>マスターカンナに報告</flow>
	</quest_flow>
	<quest_flow>
		<id>163</id>
		<qid>47</qid>
		<flow>マスターカンナから受注</flow>
	</quest_flow>
	<quest_flow>
		<id>164</id>
		<qid>47</qid>
		<flow>★1つ以上のカメのおうぎを作る</flow>
	</quest_flow>
	<quest_flow>
		<id>165</id>
		<qid>47</qid>
		<flow>マスターカンナに完成品を渡す</flow>
	</quest_flow>
	<quest_flow>
		<id>166</id>
		<qid>48</qid>
		<flow>マスターヴェキオから受注</flow>
	</quest_flow>
	<quest_flow>
		<id>167</id>
		<qid>48</qid>
		<flow>銅の錬金ランプを受け取って装備</flow>
	</quest_flow>
	<quest_flow>
		<id>168</id>
		<qid>48</qid>
		<flow>初級魔力錬金の本を受け取って使う</flow>
	</quest_flow>
	<quest_flow>
		<id>169</id>
		<qid>48</qid>
		<flow>ランプ錬金を1つ実行</flow>
	</quest_flow>
	<quest_flow>
		<id>170</id>
		<qid>48</qid>
		<flow>マスターヴェキオに報告</flow>
	</quest_flow>
	<quest_flow>
		<id>171</id>
		<qid>49</qid>
		<flow>マスターヴェキオから受注</flow>
	</quest_flow>
	<quest_flow>
		<id>172</id>
		<qid>49</qid>
		<flow>サフランブーツにおしゃれさ＋5の効果をつける（装備してはいけない）</flow>
	</quest_flow>
	<quest_flow>
		<id>173</id>
		<qid>49</qid>
		<flow>マスターヴェキオに完成品を渡す</flow>
	</quest_flow>
	<quest_flow>
		<id>174</id>
		<qid>50</qid>
		<flow>マスターポーリアから受注</flow>
	</quest_flow>
	<quest_flow>
		<id>175</id>
		<qid>50</qid>
		<flow>銅の錬金ツボを受け取って装備</flow>
	</quest_flow>
	<quest_flow>
		<id>176</id>
		<qid>50</qid>
		<flow>初級攻撃アップ錬金術の本を受け取って使う</flow>
	</quest_flow>
	<quest_flow>
		<id>177</id>
		<qid>50</qid>
		<flow>ツボ錬金を1つ実行</flow>
	</quest_flow>
	<quest_flow>
		<id>178</id>
		<qid>50</qid>
		<flow>マスターポーリアに報告</flow>
	</quest_flow>
	<quest_flow>
		<id>179</id>
		<qid>51</qid>
		<flow>マスターポーリアから受注</flow>
	</quest_flow>
	<quest_flow>
		<id>180</id>
		<qid>51</qid>
		<flow>くさりのあみぐつにおもさ+5の効果をつける</flow>
	</quest_flow>
	<quest_flow>
		<id>181</id>
		<qid>51</qid>
		<flow>マスターポーリアに完成品を渡す</flow>
	</quest_flow>
	<quest_flow>
		<id>182</id>
		<qid>52</qid>
		<flow>グレン城下町でアガペイに話してクエストを受注</flow>
	</quest_flow>
	<quest_flow>
		<id>183</id>
		<qid>52</qid>
		<flow>ゲルト海峡で燭台を調べるとボス戦に</flow>
	</quest_flow>
	<quest_flow>
		<id>184</id>
		<qid>52</qid>
		<flow>グレン城下町に戻り、アガペイに話す</flow>
	</quest_flow>
	<quest_flow>
		<id>185</id>
		<qid>53</qid>
		<flow>グレン城下町でアガペイに話してクエストを受注</flow>
	</quest_flow>
	<quest_flow>
		<id>186</id>
		<qid>53</qid>
		<flow>ベコン渓谷北部「ベレの洞穴」最奥で燭台を調べるとボス戦</flow>
	</quest_flow>
	<quest_flow>
		<id>187</id>
		<qid>53</qid>
		<flow>グレン城下町に戻り、アガペイに話す</flow>
	</quest_flow>
	<quest_flow>
		<id>188</id>
		<qid>54</qid>
		<flow>グレン城下町でアガペイに話してクエストを受注</flow>
	</quest_flow>
	<quest_flow>
		<id>189</id>
		<qid>54</qid>
		<flow>ナグアの洞窟最奥で燭台を調べるとイベント</flow>
	</quest_flow>
	<quest_flow>
		<id>190</id>
		<qid>54</qid>
		<flow>再度燭台を調べ「いいえ」を選択</flow>
	</quest_flow>
	<quest_flow>
		<id>191</id>
		<qid>54</qid>
		<flow>グレン城下町に戻り、アガペイに話す</flow>
	</quest_flow>
	<quest_flow>
		<id>192</id>
		<qid>55</qid>
		<flow>グレン城下町でアガペイに話してクエストを受注</flow>
	</quest_flow>
	<quest_flow>
		<id>193</id>
		<qid>55</qid>
		<flow>オルセコ高地の漆黒の間で狂戦士レギオンとのボス戦</flow>
	</quest_flow>
	<quest_flow>
		<id>194</id>
		<qid>55</qid>
		<flow>アガペイに報告</flow>
	</quest_flow>
	<quest_flow>
		<id>195</id>
		<qid>56</qid>
		<flow>グレン城下町でアガペイに話してクエストを受注</flow>
	</quest_flow>
	<quest_flow>
		<id>196</id>
		<qid>56</qid>
		<flow>詩歌の遺跡で闇の狂戦士と戦闘</flow>
	</quest_flow>
	<quest_flow>
		<id>197</id>
		<qid>56</qid>
		<flow>アガペイに報告</flow>
	</quest_flow>
	<quest_flow>
		<id>198</id>
		<qid>57</qid>
		<flow>風の町アズランでカランからクエストを受注</flow>
	</quest_flow>
	<quest_flow>
		<id>199</id>
		<qid>57</qid>
		<flow>スイゼン湿原のみかがみの泉でイベント</flow>
	</quest_flow>
	<quest_flow>
		<id>200</id>
		<qid>57</qid>
		<flow>カランに報告</flow>
	</quest_flow>
	<quest_flow>
		<id>201</id>
		<qid>58</qid>
		<flow>コクヨウから受注</flow>
	</quest_flow>
	<quest_flow>
		<id>202</id>
		<qid>58</qid>
		<flow>夢幻の森でサブナックと戦闘。かがり火の石を入手する</flow>
	</quest_flow>
	<quest_flow>
		<id>203</id>
		<qid>58</qid>
		<flow>コクヨウに報告</flow>
	</quest_flow>
	<quest_flow>
		<id>204</id>
		<qid>58</qid>
		<flow>キリカの産屋に行く</flow>
	</quest_flow>
	<quest_flow>
		<id>205</id>
		<qid>59</qid>
		<flow>バート僧正から受注</flow>
	</quest_flow>
	<quest_flow>
		<id>206</id>
		<qid>59</qid>
		<flow>木かげの集落の右下テントでイベント</flow>
	</quest_flow>
	<quest_flow>
		<id>207</id>
		<qid>59</qid>
		<flow>モリナラ大森林のレンジャー教会支部でイベント</flow>
	</quest_flow>
	<quest_flow>
		<id>208</id>
		<qid>59</qid>
		<flow>木かげの集落に戻って報告</flow>
	</quest_flow>
	<quest_flow>
		<id>209</id>
		<qid>60</qid>
		<flow>バート僧正から受注</flow>
	</quest_flow>
	<quest_flow>
		<id>210</id>
		<qid>60</qid>
		<flow>木かげの集落でイベント</flow>
	</quest_flow>
	<quest_flow>
		<id>211</id>
		<qid>60</qid>
		<flow>キリカの産屋でエルトナ神像を入手</flow>
	</quest_flow>
	<quest_flow>
		<id>212</id>
		<qid>60</qid>
		<flow>木かげの集落に戻ってイベント</flow>
	</quest_flow>
	<quest_flow>
		<id>213</id>
		<qid>61</qid>
		<flow>バート僧正から受注</flow>
	</quest_flow>
	<quest_flow>
		<id>214</id>
		<qid>61</qid>
		<flow>ヴァース大森林にあるヴァースの洞穴でけがれの渦とのボス戦</flow>
	</quest_flow>
	<quest_flow>
		<id>215</id>
		<qid>61</qid>
		<flow>キリカ聖堂に戻って報告</flow>
	</quest_flow>
	<quest_flow>
		<id>216</id>
		<qid>62</qid>
		<flow>レンドア南の宿屋に泊まって受注</flow>
	</quest_flow>
	<quest_flow>
		<id>217</id>
		<qid>62</qid>
		<flow>オーグリード大陸ゲルト海峡のガチャコッコをイオで倒す</flow>
	</quest_flow>
	<quest_flow>
		<id>218</id>
		<qid>62</qid>
		<flow>(グレン城下町→グレン領東→ゲルト海峡。海峡の南半分に生息)</flow>
	</quest_flow>
	<quest_flow>
		<id>219</id>
		<qid>62</qid>
		<flow>レンドア南の宿屋に泊まって報告</flow>
	</quest_flow>
	<quest_flow>
		<id>220</id>
		<qid>63</qid>
		<flow>レンドア南の宿屋に泊まって受注</flow>
	</quest_flow>
	<quest_flow>
		<id>221</id>
		<qid>63</qid>
		<flow>敵からマホトラで通算MP100以上奪う</flow>
	</quest_flow>
	<quest_flow>
		<id>222</id>
		<qid>63</qid>
		<flow>レンドア南の宿屋に泊まって報告</flow>
	</quest_flow>
	<quest_flow>
		<id>223</id>
		<qid>64</qid>
		<flow>レンドア南の宿屋に泊まって受注</flow>
	</quest_flow>
	<quest_flow>
		<id>224</id>
		<qid>64</qid>
		<flow>サフランハットを装備してプクランド大陸ミュルエルの森へ</flow>
	</quest_flow>
	<quest_flow>
		<id>225</id>
		<qid>64</qid>
		<flow>フォステイル広場でメギドロームの手下とのボス戦</flow>
	</quest_flow>
	<quest_flow>
		<id>226</id>
		<qid>64</qid>
		<flow>レンドア南の宿屋に泊まって報告</flow>
	</quest_flow>
	<quest_flow>
		<id>227</id>
		<qid>65</qid>
		<flow>レンドア南の宿屋に泊まって受注</flow>
	</quest_flow>
	<quest_flow>
		<id>228</id>
		<qid>65</qid>
		<flow>捨てられた城で、従者の館の裏手にある隠し扉に入る。リュナンとのイベント</flow>
	</quest_flow>
	<quest_flow>
		<id>229</id>
		<qid>65</qid>
		<flow>リュナンから「トラマナの石」を持ってきて欲しいと言われる</flow>
	</quest_flow>
	<quest_flow>
		<id>230</id>
		<qid>65</qid>
		<flow>夜にだけ出現する「インキュバス」にヒャドでトドメをさしてトラマナの石を入手</flow>
	</quest_flow>
	<quest_flow>
		<id>231</id>
		<qid>65</qid>
		<flow>従者の館に戻る→レンドア南の宿屋に戻るとイベント</flow>
	</quest_flow>
	<quest_flow>
		<id>232</id>
		<qid>66</qid>
		<flow>レンドア南の宿屋に泊まって受注</flow>
	</quest_flow>
	<quest_flow>
		<id>233</id>
		<qid>66</qid>
		<flow>雪原の廃墟でメギドロームとのボス戦</flow>
	</quest_flow>
	<quest_flow>
		<id>234</id>
		<qid>67</qid>
		<flow>ジュレットでヤーンに話してクエスト受注</flow>
	</quest_flow>
	<quest_flow>
		<id>235</id>
		<qid>67</qid>
		<flow>「だいじなもの」で第一巻を読む</flow>
	</quest_flow>
	<quest_flow>
		<id>236</id>
		<qid>67</qid>
		<flow>グレン領東で爆弾岩を5匹倒し、夕陽の石を入手</flow>
	</quest_flow>
	<quest_flow>
		<id>237</id>
		<qid>67</qid>
		<flow>ヤーンに話すとクエスト完了。</flow>
	</quest_flow>
	<quest_flow>
		<id>238</id>
		<qid>68</qid>
		<flow>ジュレットでヤーンに話してクエスト受注</flow>
	</quest_flow>
	<quest_flow>
		<id>239</id>
		<qid>68</qid>
		<flow>「だいじなもの」で第二巻を読む</flow>
	</quest_flow>
	<quest_flow>
		<id>240</id>
		<qid>68</qid>
		<flow>プクランド大陸のキラキラ大風車塔に行くとイベントが発生</flow>
	</quest_flow>
	<quest_flow>
		<id>241</id>
		<qid>68</qid>
		<flow>ベロニャーゴ(風車の丘南東部など)5匹に「ためる」(きあいスキル)のテンション攻撃でとどめをさす</flow>
	</quest_flow>
	<quest_flow>
		<id>242</id>
		<qid>68</qid>
		<flow>ヤーンに話すとクエスト完了。</flow>
	</quest_flow>
	<quest_flow>
		<id>243</id>
		<qid>69</qid>
		<flow>ジュレットでヤーンに話してクエスト受注</flow>
	</quest_flow>
	<quest_flow>
		<id>244</id>
		<qid>69</qid>
		<flow>「だいじなもの」で第三巻を読む</flow>
	</quest_flow>
	<quest_flow>
		<id>245</id>
		<qid>69</qid>
		<flow>オーグリード大陸の入り江の集落に行くとイベントが発生</flow>
	</quest_flow>
	<quest_flow>
		<id>246</id>
		<qid>69</qid>
		<flow>マージスターに素手でとどめを刺す</flow>
	</quest_flow>
	<quest_flow>
		<id>247</id>
		<qid>69</qid>
		<flow>ヤーンに話すとクエスト完了。</flow>
	</quest_flow>
	<quest_flow>
		<id>248</id>
		<qid>70</qid>
		<flow>ジュレットでヤーンに話してクエスト受注</flow>
	</quest_flow>
	<quest_flow>
		<id>249</id>
		<qid>70</qid>
		<flow>「だいじなもの」で死の書を読む</flow>
	</quest_flow>
	<quest_flow>
		<id>250</id>
		<qid>70</qid>
		<flow>ミュルエルの森にいるキラーファングを会心の一撃で倒す</flow>
	</quest_flow>
	<quest_flow>
		<id>251</id>
		<qid>70</qid>
		<flow>ヤーンに会ってもう片方の角を受け取る</flow>
	</quest_flow>
	<quest_flow>
		<id>252</id>
		<qid>70</qid>
		<flow>グルグ地下道に行ってギガデーモンと戦闘</flow>
	</quest_flow>
	<quest_flow>
		<id>253</id>
		<qid>70</qid>
		<flow>ヤーンに報告</flow>
	</quest_flow>
	<quest_flow>
		<id>254</id>
		<qid>71</qid>
		<flow>ジュレットでヤーンに話してクエスト受注</flow>
	</quest_flow>
	<quest_flow>
		<id>255</id>
		<qid>71</qid>
		<flow>ロンダの氷穴の奥にあるガラガの穴に行き、ボスを倒す</flow>
	</quest_flow>
	<quest_flow>
		<id>256</id>
		<qid>71</qid>
		<flow>ラッカラン島のコロシアムへ行き、超天道士ヤーンと戦闘（1対1）</flow>
	</quest_flow>
	<quest_flow>
		<id>257</id>
		<qid>72</qid>
		<flow>ダルルから受注</flow>
	</quest_flow>
	<quest_flow>
		<id>258</id>
		<qid>72</qid>
		<flow>ウルベア地下遺跡B1Fにいるあらくれチャッピー×1とほねコウモリ×2を倒す</flow>
	</quest_flow>
	<quest_flow>
		<id>259</id>
		<qid>72</qid>
		<flow>ダルルに報告</flow>
	</quest_flow>
	<quest_flow>
		<id>260</id>
		<qid>73</qid>
		<flow>ダルルから受注</flow>
	</quest_flow>
	<quest_flow>
		<id>261</id>
		<qid>73</qid>
		<flow>ブデチョに話す</flow>
	</quest_flow>
	<quest_flow>
		<id>262</id>
		<qid>73</qid>
		<flow>モガリム街道のオークからオルゴールを盗む</flow>
	</quest_flow>
	<quest_flow>
		<id>263</id>
		<qid>73</qid>
		<flow>ブデチョにオルゴールを渡す</flow>
	</quest_flow>
	<quest_flow>
		<id>264</id>
		<qid>74</qid>
		<flow>ブデチョから受注</flow>
	</quest_flow>
	<quest_flow>
		<id>265</id>
		<qid>74</qid>
		<flow>カルデア洞穴でチャムールに会う</flow>
	</quest_flow>
	<quest_flow>
		<id>266</id>
		<qid>74</qid>
		<flow>ヴェリナード領南にいるホタテワラビーから黄金ホタテを盗む</flow>
	</quest_flow>
	<quest_flow>
		<id>267</id>
		<qid>74</qid>
		<flow>チャムールに黄金ホタテを渡す</flow>
	</quest_flow>
	<quest_flow>
		<id>268</id>
		<qid>75</qid>
		<flow>ダルルから受注</flow>
	</quest_flow>
	<quest_flow>
		<id>269</id>
		<qid>75</qid>
		<flow>岳都ガタラにいるビッチョとピナッツに会う</flow>
	</quest_flow>
	<quest_flow>
		<id>270</id>
		<qid>75</qid>
		<flow>グルグ地下道でさんぞくウルフから大事なワッペン、キラービーから思い出のツボを盗む</flow>
	</quest_flow>
	<quest_flow>
		<id>271</id>
		<qid>75</qid>
		<flow>ビッチョとピナッツに品物を渡す</flow>
	</quest_flow>
	<quest_flow>
		<id>272</id>
		<qid>75</qid>
		<flow>ダルルに会う</flow>
	</quest_flow>
	<quest_flow>
		<id>273</id>
		<qid>75</qid>
		<flow>ゴブル砂漠東の流砂の隠れ家で魔盗鬼チャムールと戦闘</flow>
	</quest_flow>
	<quest_flow>
		<id>274</id>
		<qid>75</qid>
		<flow>ダルルに報告</flow>
	</quest_flow>
	<quest_flow>
		<id>275</id>
		<qid>76</qid>
		<flow>ブデチョから受注</flow>
	</quest_flow>
	<quest_flow>
		<id>276</id>
		<qid>76</qid>
		<flow>かいとうの仮面を装備(ガタラで売っている)</flow>
	</quest_flow>
	<quest_flow>
		<id>277</id>
		<qid>76</qid>
		<flow>ゴブル砂漠東にいるギャスモン×3からギャスモンハートを盗んで倒す</flow>
	</quest_flow>
	<quest_flow>
		<id>278</id>
		<qid>76</qid>
		<flow>ブデチョに報告</flow>
	</quest_flow>
	<quest_flow>
		<id>279</id>
		<qid>77</qid>
		<flow>オルフェア地方西の中央南部(地下)にあるポルファンの稽古場でクエストを受注</flow>
	</quest_flow>
	<quest_flow>
		<id>280</id>
		<qid>77</qid>
		<flow>オルッパの洞くつで大王キッズに「ボケ」を成功させてから倒す</flow>
	</quest_flow>
	<quest_flow>
		<id>281</id>
		<qid>77</qid>
		<flow>ポルファンの稽古場でポルファンに話す</flow>
	</quest_flow>
	<quest_flow>
		<id>282</id>
		<qid>78</qid>
		<flow>オルフェア地方西の中央南部(地下)にあるポルファンの稽古場でクエストを受注</flow>
	</quest_flow>
	<quest_flow>
		<id>283</id>
		<qid>78</qid>
		<flow>ミュルエルの森のフォステイル広場でボスを倒す</flow>
	</quest_flow>
	<quest_flow>
		<id>284</id>
		<qid>78</qid>
		<flow>ポルファンの稽古場でポルファンに話す</flow>
	</quest_flow>
	<quest_flow>
		<id>285</id>
		<qid>79</qid>
		<flow>オルフェア地方西の中央南部(地下)にあるポルファンの稽古場でクエストを受注</flow>
	</quest_flow>
	<quest_flow>
		<id>286</id>
		<qid>79</qid>
		<flow>オルフェア地方東でビッグフェイスを5匹倒す</flow>
	</quest_flow>
	<quest_flow>
		<id>287</id>
		<qid>79</qid>
		<flow>ポルファンの稽古場でポルファンに話す</flow>
	</quest_flow>
	<quest_flow>
		<id>288</id>
		<qid>80</qid>
		<flow>オルフェア地方西の中央南部(地下)にあるポルファンの稽古場でクエストを受注</flow>
	</quest_flow>
	<quest_flow>
		<id>289</id>
		<qid>80</qid>
		<flow>プーラの洞穴にいる悪魔道化師ゲイザーをボケを成功させてから倒す</flow>
	</quest_flow>
	<quest_flow>
		<id>290</id>
		<qid>80</qid>
		<flow>ポルファンに報告</flow>
	</quest_flow>
	<quest_flow>
		<id>291</id>
		<qid>81</qid>
		<flow>オルフェア地方西の中央南部(地下)にあるポルファンの稽古場でクエストを受注</flow>
	</quest_flow>
	<quest_flow>
		<id>292</id>
		<qid>81</qid>
		<flow>闇芸人ルルルリーチ（＋お供3体）と戦闘</flow>
	</quest_flow>
	<quest_flow>
		<id>293</id>
		<qid>81</qid>
		<flow>ポルファンに報告</flow>
	</quest_flow>
	<quest_flow>
		<id>294</id>
		<qid>82</qid>
		<flow>グレン城の王の間で大臣からクエストを受注</flow>
	</quest_flow>
	<quest_flow>
		<id>295</id>
		<qid>82</qid>
		<flow>獅子門にいるボラザールに話す</flow>
	</quest_flow>
	<quest_flow>
		<id>296</id>
		<qid>82</qid>
		<flow>グレン城に戻って王の間で大臣に話す</flow>
	</quest_flow>
	<quest_flow>
		<id>297</id>
		<qid>83</qid>
		<flow>グレン城の王の間で大臣に話す</flow>
	</quest_flow>
	<quest_flow>
		<id>298</id>
		<qid>83</qid>
		<flow>城1階の使用人部屋でダンデルからクエストを受注</flow>
	</quest_flow>
	<quest_flow>
		<id>299</id>
		<qid>83</qid>
		<flow>ランドンフットにある忘れられた書庫で奥の本棚を調べて、グレンの歴史47巻を入手</flow>
	</quest_flow>
	<quest_flow>
		<id>300</id>
		<qid>83</qid>
		<flow>グレン城に戻ってダンデルに話すとクエストクリア</flow>
	</quest_flow>
	<quest_flow>
		<id>301</id>
		<qid>84</qid>
		<flow>※前の話から連続で受ける場合、一旦城から出て入り直す必要があります</flow>
	</quest_flow>
	<quest_flow>
		<id>302</id>
		<qid>84</qid>
		<flow>グレン城の王の間で大臣に話してクエストを受注</flow>
	</quest_flow>
	<quest_flow>
		<id>303</id>
		<qid>84</qid>
		<flow>カルサドラ火山でキラートーチを何度も倒して、鎮魂のロウソクを入手</flow>
	</quest_flow>
	<quest_flow>
		<id>304</id>
		<qid>84</qid>
		<flow>できればキラートーチだけなど敵が少ないパターンのシンボルを探して戦うと良い。</flow>
	</quest_flow>
	<quest_flow>
		<id>305</id>
		<qid>84</qid>
		<flow>ドルワーム王国からもそう遠くない。岳都ガタラからはカルデア街道→砂漠東→カルサドラ火山。</flow>
	</quest_flow>
	<quest_flow>
		<id>306</id>
		<qid>84</qid>
		<flow>ベコン渓谷奥の北西洞窟奥にある妖剣士の塚に行くとイベント。ロウソクを使う</flow>
	</quest_flow>
	<quest_flow>
		<id>307</id>
		<qid>84</qid>
		<flow>グレン城の王の間で大臣に話してクエストクリア。</flow>
	</quest_flow>
	<quest_flow>
		<id>308</id>
		<qid>85</qid>
		<flow>グレン城の王の間で大臣に話してクエストを受注</flow>
	</quest_flow>
	<quest_flow>
		<id>309</id>
		<qid>85</qid>
		<flow>雲上湖に行き、ボスを倒す</flow>
	</quest_flow>
	<quest_flow>
		<id>310</id>
		<qid>85</qid>
		<flow>グレン城の王の間で大臣に話してクエストクリア。</flow>
	</quest_flow>
	<quest_flow>
		<id>311</id>
		<qid>86</qid>
		<flow>グレン城の王の間で大臣に話してクエストを受注</flow>
	</quest_flow>
	<quest_flow>
		<id>312</id>
		<qid>86</qid>
		<flow>ベコン渓谷の奥にある妖剣士の塚へ行き、ボスを倒す</flow>
	</quest_flow>
	<quest_flow>
		<id>313</id>
		<qid>86</qid>
		<flow>グレン城の王の間で大臣に話してクエストクリア。</flow>
	</quest_flow>
	<quest_flow>
		<id>314</id>
		<qid>87</qid>
		<flow>岳都ガタラのガラクタ城へ行き、イベント後にクエストを受注</flow>
	</quest_flow>
	<quest_flow>
		<id>315</id>
		<qid>87</qid>
		<flow>ウルベア地下遺跡にある亡都の霊堂でイベント</flow>
	</quest_flow>
	<quest_flow>
		<id>316</id>
		<qid>87</qid>
		<flow>亡都の霊堂でイベント後、クエストクリア。名声値34とウルベア銅貨2枚を入手。</flow>
	</quest_flow>
	<quest_flow>
		<id>317</id>
		<qid>88</qid>
		<flow>岳都ガタラのガラクタ城へ行き、クエストを受注</flow>
	</quest_flow>
	<quest_flow>
		<id>318</id>
		<qid>88</qid>
		<flow>グルグ地下道の入口でイベントが発生。</flow>
	</quest_flow>
	<quest_flow>
		<id>319</id>
		<qid>88</qid>
		<flow>南東の奥にある悪鬼の棲みかでイベント。</flow>
	</quest_flow>
	<quest_flow>
		<id>320</id>
		<qid>89</qid>
		<flow>岳都ガタラのガラクタ城へ行き、クエストを受注</flow>
	</quest_flow>
	<quest_flow>
		<id>321</id>
		<qid>89</qid>
		<flow>モリナラ大森林でグリーンシザーを何度も倒して魔導の歯車を手に入れる</flow>
	</quest_flow>
	<quest_flow>
		<id>322</id>
		<qid>89</qid>
		<flow>グレン領西「バグレア教会跡地」でボーンファイターを何度も倒して古代の戦刃を手に入れる</flow>
	</quest_flow>
	<quest_flow>
		<id>323</id>
		<qid>89</qid>
		<flow>ガタラのがらくた城に戻ってイベント。プラチナ鉱石3個と名声値69を手に入れる</flow>
	</quest_flow>
	<quest_flow>
		<id>324</id>
		<qid>90</qid>
		<flow>岳都ガタラのガラクタ城へ行き、クエストを受注</flow>
	</quest_flow>
	<quest_flow>
		<id>325</id>
		<qid>90</qid>
		<flow>ラニアッカ断層帯「斧の祭壇」で祭壇を後ろから調べ、カルサドラ火山2階へ</flow>
	</quest_flow>
	<quest_flow>
		<id>326</id>
		<qid>90</qid>
		<flow>三闘士のオノと名声値86を手に入れる</flow>
	</quest_flow>
	<quest_flow>
		<id>327</id>
		<qid>91</qid>
		<flow>岳都ガタラのガラクタ城へ行き、クエストを受注</flow>
	</quest_flow>
	<quest_flow>
		<id>328</id>
		<qid>91</qid>
		<flow>最果ての地下遺跡へ行くとイベント</flow>
	</quest_flow>
	<quest_flow>
		<id>329</id>
		<qid>91</qid>
		<flow>最果ての地下遺跡の奥にある、忘れられし王の間でボス戦に</flow>
	</quest_flow>
	<quest_flow>
		<id>330</id>
		<qid>92</qid>
		<flow/>
	</quest_flow>
	<quest_flow>
		<id>331</id>
		<qid>93</qid>
		<flow/>
	</quest_flow>
	<quest_flow>
		<id>332</id>
		<qid>94</qid>
		<flow/>
	</quest_flow>
	<quest_flow>
		<id>333</id>
		<qid>95</qid>
		<flow>娯楽島ラッカランの北部にあるオーナーの館2階のササラナに話してクエストを受注</flow>
	</quest_flow>
	<quest_flow>
		<id>334</id>
		<qid>95</qid>
		<flow>カミハルムイ北でマトイに話す</flow>
	</quest_flow>
	<quest_flow>
		<id>335</id>
		<qid>95</qid>
		<flow>メギストリス城下町のの民家でパッポルに話す</flow>
	</quest_flow>
	<quest_flow>
		<id>336</id>
		<qid>95</qid>
		<flow>ギルザッド地方であらくれチャッピーを何度も倒し、特別金庫の鍵を手に入れる</flow>
	</quest_flow>
	<quest_flow>
		<id>337</id>
		<qid>95</qid>
		<flow>ドルワーム王国の預かり所にある特別預かり所へ行き、赤い小ビンを手に入れる</flow>
	</quest_flow>
	<quest_flow>
		<id>338</id>
		<qid>95</qid>
		<flow>メギストリス城下町でハッポルに話すとイベントが進行</flow>
	</quest_flow>
	<quest_flow>
		<id>339</id>
		<qid>95</qid>
		<flow>ヴェリナード城下町の教会へ。キャソーに話す</flow>
	</quest_flow>
	<quest_flow>
		<id>340</id>
		<qid>95</qid>
		<flow>ブーナー熱帯雨林にある小さな石を調べて、解毒剤を手に入れる</flow>
	</quest_flow>
	<quest_flow>
		<id>341</id>
		<qid>95</qid>
		<flow>メギストリス城下町でハッポルに話すとイベントが進行</flow>
	</quest_flow>
	<quest_flow>
		<id>342</id>
		<qid>95</qid>
		<flow>娯楽島ラッカランでササラナに話してクエストクリア。装備品が50個持てるようになる</flow>
	</quest_flow>
	<quest_flow>
		<id>343</id>
		<qid>96</qid>
		<flow>ガートラント城1階(炎の間)で、ジウバに話してクエストを受注</flow>
	</quest_flow>
	<quest_flow>
		<id>344</id>
		<qid>96</qid>
		<flow>グレン領東の北西部にいるトロルを何度も倒して慈愛の光を入手</flow>
	</quest_flow>
	<quest_flow>
		<id>345</id>
		<qid>96</qid>
		<flow>グレン城下町民家内のディウに慈愛の光と炎の樹木を渡し、ガミルゴの護符を入手</flow>
	</quest_flow>
	<quest_flow>
		<id>346</id>
		<qid>96</qid>
		<flow>グレン領西のバグレア教会跡地で神父に話す</flow>
	</quest_flow>
	<quest_flow>
		<id>347</id>
		<qid>96</qid>
		<flow>炎の間でジウバに話してクエスト完了。86名声値とやりなおしの宝珠を入手</flow>
	</quest_flow>
	<quest_flow>
		<id>348</id>
		<qid>97</qid>
		<flow>オルフェアの町のフッフプに話してクエストを受注</flow>
	</quest_flow>
	<quest_flow>
		<id>349</id>
		<qid>97</qid>
		<flow>地底湖の洞窟でポムポムボムを何度も倒すし、ポムポムオイルを手に入れる</flow>
	</quest_flow>
	<quest_flow>
		<id>350</id>
		<qid>97</qid>
		<flow>オルフェアの町のビッグホルンを調べるとイベントが発生</flow>
	</quest_flow>
	<quest_flow>
		<id>351</id>
		<qid>97</qid>
		<flow>フッフプに話すとクエストクリア。</flow>
	</quest_flow>
	<quest_flow>
		<id>352</id>
		<qid>97</qid>
		<flow>以後はビッグホルンを使うと町の東部から西部へワープできるようになる</flow>
	</quest_flow>
	<quest_flow>
		<id>353</id>
		<qid>98</qid>
		<flow>メギストリス城下町ポポーヘに話す</flow>
	</quest_flow>
	<quest_flow>
		<id>354</id>
		<qid>98</qid>
		<flow>キラキラ大風車塔の入口にいるヒルピーに話す</flow>
	</quest_flow>
	<quest_flow>
		<id>355</id>
		<qid>98</qid>
		<flow>リンクル地方でバアルゼブブを倒してさわやかソーダを手に入れる</flow>
	</quest_flow>
	<quest_flow>
		<id>356</id>
		<qid>98</qid>
		<flow>キラキラ大風車塔をエレベーターで上がり、「最上階4」でさわやかソーダを使う</flow>
	</quest_flow>
	<quest_flow>
		<id>357</id>
		<qid>98</qid>
		<flow>メギストリスでポピーヘに話すとクリア。</flow>
	</quest_flow>
	<quest_flow>
		<id>358</id>
		<qid>99</qid>
		<flow>落葉の草原で、聖使者チャミミに話してクエストを受注</flow>
	</quest_flow>
	<quest_flow>
		<id>359</id>
		<qid>99</qid>
		<flow>ザグバンでメガザルロックを何度も倒してアイテム入手</flow>
	</quest_flow>
	<quest_flow>
		<id>360</id>
		<qid>99</qid>
		<flow>聖使者チャミミに話してクエスト完了</flow>
	</quest_flow>
	<quest_flow>
		<id>361</id>
		<qid>100</qid>
		<flow>ガートラント城1階にある聖騎士団執務室でクエストを受注</flow>
	</quest_flow>
	<quest_flow>
		<id>362</id>
		<qid>100</qid>
		<flow>ガートラント領の敵と戦い、「かばう」で味方のダメージをかばってから倒す、を10回行う</flow>
	</quest_flow>
	<quest_flow>
		<id>363</id>
		<qid>100</qid>
		<flow>ザマの南西部にある博愛の碑に向かって、しぐさ「いのる」をする</flow>
	</quest_flow>
	<quest_flow>
		<id>364</id>
		<qid>100</qid>
		<flow>聖騎士団執務室で再び話してクエストクリア。ダーマでパラディンに転職できるようになる。</flow>
	</quest_flow>
	<quest_flow>
		<id>365</id>
		<qid>101</qid>
		<flow>王都カミハルムイ南のレンジャー協会本部でクエストを受注</flow>
	</quest_flow>
	<quest_flow>
		<id>366</id>
		<qid>101</qid>
		<flow>カミハルムイ領北のたまねぎマンを、盗むを成功させてから倒す</flow>
	</quest_flow>
	<quest_flow>
		<id>367</id>
		<qid>101</qid>
		<flow>レンジャー協会本部で再び話してクエストクリア。</flow>
	</quest_flow>
	<quest_flow>
		<id>368</id>
		<qid>101</qid>
		<flow>名声43を入手。ダーマでレンジャーに転職できるようになる。</flow>
	</quest_flow>
</content>