<?xml version="1.0" encoding="UTF-8" standalone="yes"?>
<content>
	<area>
		<id>1</id>
		<name>ランガーオ村</name>
		<continent>オーグリード</continent>
		<type>町</type>
		<map/>
	</area>
	<area>
		<id>2</id>
		<name>獅子門</name>
		<continent>オーグリード</continent>
		<type>町</type>
		<map/>
	</area>
	<area>
		<id>3</id>
		<name>グレン城下町</name>
		<continent>オーグリード</continent>
		<type>町</type>
		<map/>
	</area>
	<area>
		<id>4</id>
		<name>グレン城</name>
		<continent>オーグリード</continent>
		<type>町</type>
		<map/>
	</area>
	<area>
		<id>5</id>
		<name>ザマ烽火台</name>
		<continent>オーグリード</continent>
		<type>町</type>
		<map/>
	</area>
	<area>
		<id>6</id>
		<name>ガートラント城下町</name>
		<continent>オーグリード</continent>
		<type>町</type>
		<map/>
	</area>
	<area>
		<id>7</id>
		<name>ガートラント城</name>
		<continent>オーグリード</continent>
		<type>町</type>
		<map/>
	</area>
	<area>
		<id>8</id>
		<name>入り江の集落</name>
		<continent>オーグリード</continent>
		<type>町</type>
		<map/>
	</area>
	<area>
		<id>9</id>
		<name>ランガーオ山地</name>
		<continent>オーグリード</continent>
		<type>フィールド</type>
		<map/>
	</area>
	<area>
		<id>10</id>
		<name>ロンダの氷穴</name>
		<continent>オーグリード</continent>
		<type>フィールド</type>
		<map/>
	</area>
	<area>
		<id>11</id>
		<name>ロンダ岬</name>
		<continent>オーグリード</continent>
		<type>フィールド</type>
		<map/>
	</area>
	<area>
		<id>12</id>
		<name>グレン領東</name>
		<continent>オーグリード</continent>
		<type>フィールド</type>
		<map/>
	</area>
	<area>
		<id>13</id>
		<name>グレン領西</name>
		<continent>オーグリード</continent>
		<type>フィールド</type>
		<map/>
	</area>
	<area>
		<id>14</id>
		<name>ベコン渓谷</name>
		<continent>オーグリード</continent>
		<type>フィールド</type>
		<map/>
	</area>
	<area>
		<id>15</id>
		<name>妖剣士の塚</name>
		<continent>オーグリード</continent>
		<type>フィールド</type>
		<map/>
	</area>
	<area>
		<id>16</id>
		<name>ゲルト海峡</name>
		<continent>オーグリード</continent>
		<type>フィールド</type>
		<map/>
	</area>
	<area>
		<id>17</id>
		<name>ランドンフット</name>
		<continent>オーグリード</continent>
		<type>フィールド</type>
		<map/>
	</area>
	<area>
		<id>18</id>
		<name>ザマ峠</name>
		<continent>オーグリード</continent>
		<type>フィールド</type>
		<map/>
	</area>
	<area>
		<id>19</id>
		<name>ガートラント領</name>
		<continent>オーグリード</continent>
		<type>フィールド</type>
		<map/>
	</area>
	<area>
		<id>20</id>
		<name>ギルザッド地方</name>
		<continent>オーグリード</continent>
		<type>フィールド</type>
		<map/>
	</area>
	<area>
		<id>21</id>
		<name>海賊のアジト跡</name>
		<continent>オーグリード</continent>
		<type>フィールド</type>
		<map/>
	</area>
	<area>
		<id>22</id>
		<name>オルセコ高地</name>
		<continent>オーグリード</continent>
		<type>フィールド</type>
		<map/>
	</area>
	<area>
		<id>23</id>
		<name>古代オルセコ闘技場</name>
		<continent>オーグリード</continent>
		<type>フィールド</type>
		<map/>
	</area>
	<area>
		<id>24</id>
		<name>ランドン山脈</name>
		<continent>オーグリード</continent>
		<type>フィールド</type>
		<map/>
	</area>
	<area>
		<id>25</id>
		<name>ランドン山脈頂上</name>
		<continent>オーグリード</continent>
		<type>フィールド</type>
		<map/>
	</area>
	<area>
		<id>26</id>
		<name>雪原の廃墟</name>
		<continent>オーグリード</continent>
		<type>その他</type>
		<map/>
	</area>
	<area>
		<id>27</id>
		<name>ラギ雪原</name>
		<continent>オーグリード</continent>
		<type>その他</type>
		<map/>
	</area>
	<area>
		<id>28</id>
		<name>ガラガの穴</name>
		<continent>オーグリード</continent>
		<type>その他</type>
		<map/>
	</area>
	<area>
		<id>29</id>
		<name>ナグアの洞窟</name>
		<continent>オーグリード</continent>
		<type>その他</type>
		<map/>
	</area>
	<area>
		<id>30</id>
		<name>ダズの岩穴</name>
		<continent>オーグリード</continent>
		<type>その他</type>
		<map/>
	</area>
	<area>
		<id>31</id>
		<name>野獣の巣</name>
		<continent>オーグリード</continent>
		<type>その他</type>
		<map/>
	</area>
	<area>
		<id>32</id>
		<name>グレゴールの洞窟</name>
		<continent>オーグリード</continent>
		<type>その他</type>
		<map/>
	</area>
	<area>
		<id>33</id>
		<name>雲上湖</name>
		<continent>オーグリード</continent>
		<type>その他</type>
		<map/>
	</area>
	<area>
		<id>34</id>
		<name>忘れられた書庫</name>
		<continent>オーグリード</continent>
		<type>その他</type>
		<map/>
	</area>
	<area>
		<id>35</id>
		<name>荒野の枯れ井戸</name>
		<continent>オーグリード</continent>
		<type>その他</type>
		<map/>
	</area>
	<area>
		<id>36</id>
		<name>狩人のほら穴</name>
		<continent>オーグリード</continent>
		<type>その他</type>
		<map/>
	</area>
	<area>
		<id>37</id>
		<name>バドリー岩石地帯</name>
		<continent>オーグリード</continent>
		<type>その他</type>
		<map/>
	</area>
	<area>
		<id>38</id>
		<name>レーンの村</name>
		<continent>ウェナ</continent>
		<type>町</type>
		<map/>
	</area>
	<area>
		<id>39</id>
		<name>祈りの宿</name>
		<continent>ウェナ</continent>
		<type>町</type>
		<map/>
	</area>
	<area>
		<id>40</id>
		<name>ジュレットの町</name>
		<continent>ウェナ</continent>
		<type>町</type>
		<map/>
	</area>
	<area>
		<id>41</id>
		<name>海辺の交易所</name>
		<continent>ウェナ</continent>
		<type>町</type>
		<map/>
	</area>
	<area>
		<id>42</id>
		<name>ヴェリナード城下町</name>
		<continent>ウェナ</continent>
		<type>町</type>
		<map/>
	</area>
	<area>
		<id>43</id>
		<name>ヴェリナード城</name>
		<continent>ウェナ</continent>
		<type>町</type>
		<map/>
	</area>
	<area>
		<id>44</id>
		<name>密林の野営地</name>
		<continent>ウェナ</continent>
		<type>町</type>
		<map/>
	</area>
	<area>
		<id>45</id>
		<name>コルット地方</name>
		<continent>ウェナ</continent>
		<type>フィールド</type>
		<map/>
	</area>
	<area>
		<id>46</id>
		<name>地底湖の洞窟</name>
		<continent>ウェナ</continent>
		<type>フィールド</type>
		<map/>
	</area>
	<area>
		<id>47</id>
		<name>レーナム緑野</name>
		<continent>ウェナ</continent>
		<type>フィールド</type>
		<map/>
	</area>
	<area>
		<id>48</id>
		<name>ジュレー島下層</name>
		<continent>ウェナ</continent>
		<type>フィールド</type>
		<map/>
	</area>
	<area>
		<id>49</id>
		<name>ミューズ海岸</name>
		<continent>ウェナ</continent>
		<type>フィールド</type>
		<map/>
	</area>
	<area>
		<id>50</id>
		<name>ラーディス王島</name>
		<continent>ウェナ</continent>
		<type>フィールド</type>
		<map/>
	</area>
	<area>
		<id>51</id>
		<name>知恵の眠る遺跡</name>
		<continent>ウェナ</continent>
		<type>フィールド</type>
		<map/>
	</area>
	<area>
		<id>52</id>
		<name>猫島</name>
		<continent>ウェナ</continent>
		<type>フィールド</type>
		<map/>
	</area>
	<area>
		<id>53</id>
		<name>ジュレー島上層</name>
		<continent>ウェナ</continent>
		<type>フィールド</type>
		<map/>
	</area>
	<area>
		<id>54</id>
		<name>キュララナ海岸</name>
		<continent>ウェナ</continent>
		<type>フィールド</type>
		<map/>
	</area>
	<area>
		<id>55</id>
		<name>ヴェリナード領南</name>
		<continent>ウェナ</continent>
		<type>フィールド</type>
		<map/>
	</area>
	<area>
		<id>56</id>
		<name>ヴェリナード領北</name>
		<continent>ウェナ</continent>
		<type>フィールド</type>
		<map/>
	</area>
	<area>
		<id>57</id>
		<name>永遠の地下迷宮</name>
		<continent>ウェナ</continent>
		<type>フィールド</type>
		<map/>
	</area>
	<area>
		<id>58</id>
		<name>ヴァース大山林</name>
		<continent>ウェナ</continent>
		<type>フィールド</type>
		<map/>
	</area>
	<area>
		<id>59</id>
		<name>ブーナー熱帯雨林</name>
		<continent>ウェナ</continent>
		<type>フィールド</type>
		<map/>
	</area>
	<area>
		<id>60</id>
		<name>詩歌の遺跡</name>
		<continent>ウェナ</continent>
		<type>フィールド</type>
		<map/>
	</area>
	<area>
		<id>61</id>
		<name>シエラ巡礼地</name>
		<continent>ウェナ</continent>
		<type>その他</type>
		<map/>
	</area>
	<area>
		<id>62</id>
		<name>ジュレリア地下廃坑</name>
		<continent>ウェナ</continent>
		<type>その他</type>
		<map/>
	</area>
	<area>
		<id>63</id>
		<name>海のとける洞くつ</name>
		<continent>ウェナ</continent>
		<type>その他</type>
		<map/>
	</area>
	<area>
		<id>64</id>
		<name>ヴェリナード領西</name>
		<continent>ウェナ</continent>
		<type>その他</type>
		<map/>
	</area>
	<area>
		<id>65</id>
		<name>ヴァースのほら穴</name>
		<continent>ウェナ</continent>
		<type>その他</type>
		<map/>
	</area>
	<area>
		<id>66</id>
		<name>ケラコーナ原生林</name>
		<continent>ウェナ</continent>
		<type>その他</type>
		<map/>
	</area>
	<area>
		<id>67</id>
		<name>浜辺の洞くつ</name>
		<continent>ウェナ</continent>
		<type>その他</type>
		<map/>
	</area>
	<area>
		<id>68</id>
		<name>ツスクルの村</name>
		<continent>エルトナ</continent>
		<type>町</type>
		<map/>
	</area>
	<area>
		<id>69</id>
		<name>木かげの集落</name>
		<continent>エルトナ</continent>
		<type>町</type>
		<map/>
	</area>
	<area>
		<id>70</id>
		<name>風の町アズラン</name>
		<continent>エルトナ</continent>
		<type>町</type>
		<map/>
	</area>
	<area>
		<id>71</id>
		<name>山間の関所</name>
		<continent>エルトナ</continent>
		<type>町</type>
		<map/>
	</area>
	<area>
		<id>72</id>
		<name>王都カミハルムイ</name>
		<continent>エルトナ</continent>
		<type>町</type>
		<map/>
	</area>
	<area>
		<id>73</id>
		<name>カミハルムイ城</name>
		<continent>エルトナ</continent>
		<type>町</type>
		<map/>
	</area>
	<area>
		<id>74</id>
		<name>ガケっぷち村</name>
		<continent>エルトナ</continent>
		<type>町</type>
		<map/>
	</area>
	<area>
		<id>75</id>
		<name>ツスクル平野</name>
		<continent>エルトナ</continent>
		<type>フィールド</type>
		<map/>
	</area>
	<area>
		<id>76</id>
		<name>久遠の森</name>
		<continent>エルトナ</continent>
		<type>フィールド</type>
		<map/>
	</area>
	<area>
		<id>77</id>
		<name>キリカ草原</name>
		<continent>エルトナ</continent>
		<type>フィールド</type>
		<map/>
	</area>
	<area>
		<id>78</id>
		<name>アズラン地方</name>
		<continent>エルトナ</continent>
		<type>フィールド</type>
		<map/>
	</area>
	<area>
		<id>79</id>
		<name>イナミノ街道</name>
		<continent>エルトナ</continent>
		<type>フィールド</type>
		<map/>
	</area>
	<area>
		<id>80</id>
		<name>スイゼン湿原</name>
		<continent>エルトナ</continent>
		<type>フィールド</type>
		<map/>
	</area>
	<area>
		<id>81</id>
		<name>スイの塔</name>
		<continent>エルトナ</continent>
		<type>フィールド</type>
		<map/>
	</area>
	<area>
		<id>82</id>
		<name>カミハルムイ領南</name>
		<continent>エルトナ</continent>
		<type>フィールド</type>
		<map/>
	</area>
	<area>
		<id>83</id>
		<name>カミハルムイ領北</name>
		<continent>エルトナ</continent>
		<type>フィールド</type>
		<map/>
	</area>
	<area>
		<id>84</id>
		<name>夢幻の森</name>
		<continent>エルトナ</continent>
		<type>フィールド</type>
		<map/>
	</area>
	<area>
		<id>85</id>
		<name>捨てられた城</name>
		<continent>エルトナ</continent>
		<type>フィールド</type>
		<map/>
	</area>
	<area>
		<id>86</id>
		<name>落陽の草原</name>
		<continent>エルトナ</continent>
		<type>フィールド</type>
		<map/>
	</area>
	<area>
		<id>87</id>
		<name>呪われた大地</name>
		<continent>エルトナ</continent>
		<type>フィールド</type>
		<map/>
	</area>
	<area>
		<id>88</id>
		<name>モリナラ大森林</name>
		<continent>エルトナ</continent>
		<type>その他</type>
		<map/>
	</area>
	<area>
		<id>89</id>
		<name>モリナラ地下洞</name>
		<continent>エルトナ</continent>
		<type>その他</type>
		<map/>
	</area>
	<area>
		<id>90</id>
		<name>アグラニの町</name>
		<continent>ドワチャッカ</continent>
		<type>町</type>
		<map/>
	</area>
	<area>
		<id>91</id>
		<name>モガレキャンプ</name>
		<continent>ドワチャッカ</continent>
		<type>町</type>
		<map/>
	</area>
	<area>
		<id>92</id>
		<name>岳都ガタラ</name>
		<continent>ドワチャッカ</continent>
		<type>町</type>
		<map/>
	</area>
	<area>
		<id>93</id>
		<name>オアシスの隊商宿</name>
		<continent>ドワチャッカ</continent>
		<type>町</type>
		<map/>
	</area>
	<area>
		<id>94</id>
		<name>ドルワーム王国</name>
		<continent>ドワチャッカ</continent>
		<type>町</type>
		<map/>
	</area>
	<area>
		<id>95</id>
		<name>ドルワーム水晶宮</name>
		<continent>ドワチャッカ</continent>
		<type>町</type>
		<map/>
	</area>
	<area>
		<id>96</id>
		<name>商人たちのテント</name>
		<continent>ドワチャッカ</continent>
		<type>町</type>
		<map/>
	</area>
	<area>
		<id>97</id>
		<name>アクロニア鉱山</name>
		<continent>ドワチャッカ</continent>
		<type>フィールド</type>
		<map/>
	</area>
	<area>
		<id>98</id>
		<name>ラニアッカ断層帯</name>
		<continent>ドワチャッカ</continent>
		<type>フィールド</type>
		<map/>
	</area>
	<area>
		<id>99</id>
		<name>モガリム街道</name>
		<continent>ドワチャッカ</continent>
		<type>フィールド</type>
		<map/>
	</area>
	<area>
		<id>100</id>
		<name>ガタラ原野</name>
		<continent>ドワチャッカ</continent>
		<type>フィールド</type>
		<map/>
	</area>
	<area>
		<id>101</id>
		<name>カルデア山道</name>
		<continent>ドワチャッカ</continent>
		<type>フィールド</type>
		<map/>
	</area>
	<area>
		<id>102</id>
		<name>カルデア洞穴</name>
		<continent>ドワチャッカ</continent>
		<type>フィールド</type>
		<map/>
	</area>
	<area>
		<id>103</id>
		<name>ウルベア地下遺跡</name>
		<continent>ドワチャッカ</continent>
		<type>フィールド</type>
		<map/>
	</area>
	<area>
		<id>104</id>
		<name>ゴブル砂漠東</name>
		<continent>ドワチャッカ</continent>
		<type>フィールド</type>
		<map/>
	</area>
	<area>
		<id>105</id>
		<name>カルサドラ火山</name>
		<continent>ドワチャッカ</continent>
		<type>フィールド</type>
		<map/>
	</area>
	<area>
		<id>106</id>
		<name>ゴブル砂漠西</name>
		<continent>ドワチャッカ</continent>
		<type>フィールド</type>
		<map/>
	</area>
	<area>
		<id>107</id>
		<name>ボロヌス溶岩流</name>
		<continent>ドワチャッカ</continent>
		<type>フィールド</type>
		<map/>
	</area>
	<area>
		<id>108</id>
		<name>ボロヌスの穴</name>
		<continent>ドワチャッカ</continent>
		<type>フィールド</type>
		<map/>
	</area>
	<area>
		<id>109</id>
		<name>ザグバン丘陵</name>
		<continent>ドワチャッカ</continent>
		<type>その他</type>
		<map/>
	</area>
	<area>
		<id>110</id>
		<name>ラニ大洞穴</name>
		<continent>ドワチャッカ</continent>
		<type>その他</type>
		<map/>
	</area>
	<area>
		<id>111</id>
		<name>モガレの洞くつ</name>
		<continent>ドワチャッカ</continent>
		<type>その他</type>
		<map/>
	</area>
	<area>
		<id>112</id>
		<name>エゼソル峡谷</name>
		<continent>ドワチャッカ</continent>
		<type>その他</type>
		<map/>
	</area>
	<area>
		<id>113</id>
		<name>サーマリ高原</name>
		<continent>ドワチャッカ</continent>
		<type>その他</type>
		<map/>
	</area>
	<area>
		<id>114</id>
		<name>グルグ地下道</name>
		<continent>ドワチャッカ</continent>
		<type>その他</type>
		<map/>
	</area>
	<area>
		<id>115</id>
		<name>ダラズ採掘場</name>
		<continent>ドワチャッカ</continent>
		<type>その他</type>
		<map/>
	</area>
	<area>
		<id>116</id>
		<name>デマトード高地</name>
		<continent>ドワチャッカ</continent>
		<type>その他</type>
		<map/>
	</area>
	<area>
		<id>117</id>
		<name>砂岩の洞くつ</name>
		<continent>ドワチャッカ</continent>
		<type>その他</type>
		<map/>
	</area>
	<area>
		<id>118</id>
		<name>最果ての地下遺跡</name>
		<continent>ドワチャッカ</continent>
		<type>その他</type>
		<map/>
	</area>
	<area>
		<id>119</id>
		<name>プクレットの村</name>
		<continent>プクランド</continent>
		<type>町</type>
		<map/>
	</area>
	<area>
		<id>120</id>
		<name>ピィピのお宿</name>
		<continent>プクランド</continent>
		<type>町</type>
		<map/>
	</area>
	<area>
		<id>121</id>
		<name>オルフェアの町</name>
		<continent>プクランド</continent>
		<type>町</type>
		<map/>
	</area>
	<area>
		<id>122</id>
		<name>キラキラ大風車塔</name>
		<continent>プクランド</continent>
		<type>町</type>
		<map/>
	</area>
	<area>
		<id>123</id>
		<name>メギストリスの都</name>
		<continent>プクランド</continent>
		<type>町</type>
		<map/>
	</area>
	<area>
		<id>124</id>
		<name>メギストリス城</name>
		<continent>プクランド</continent>
		<type>町</type>
		<map/>
	</area>
	<area>
		<id>125</id>
		<name>荒野の休息所</name>
		<continent>プクランド</continent>
		<type>町</type>
		<map/>
	</area>
	<area>
		<id>126</id>
		<name>プクレット地方</name>
		<continent>プクランド</continent>
		<type>フィールド</type>
		<map/>
	</area>
	<area>
		<id>127</id>
		<name>ポーポラ地方</name>
		<continent>プクランド</continent>
		<type>フィールド</type>
		<map/>
	</area>
	<area>
		<id>128</id>
		<name>けがれの谷</name>
		<continent>プクランド</continent>
		<type>フィールド</type>
		<map/>
	</area>
	<area>
		<id>129</id>
		<name>オルフェア地方東</name>
		<continent>プクランド</continent>
		<type>フィールド</type>
		<map/>
	</area>
	<area>
		<id>130</id>
		<name>オルフェア地方西</name>
		<continent>プクランド</continent>
		<type>フィールド</type>
		<map/>
	</area>
	<area>
		<id>131</id>
		<name>リンクル地方</name>
		<continent>プクランド</continent>
		<type>フィールド</type>
		<map/>
	</area>
	<area>
		<id>132</id>
		<name>銀の丘</name>
		<continent>プクランド</continent>
		<type>フィールド</type>
		<map/>
	</area>
	<area>
		<id>133</id>
		<name>ミュルエルの森</name>
		<continent>プクランド</continent>
		<type>フィールド</type>
		<map/>
	</area>
	<area>
		<id>134</id>
		<name>フォステイル広場</name>
		<continent>プクランド</continent>
		<type>フィールド</type>
		<map/>
	</area>
	<area>
		<id>135</id>
		<name>風車の丘</name>
		<continent>プクランド</continent>
		<type>フィールド</type>
		<map/>
	</area>
	<area>
		<id>136</id>
		<name>メギストリス領</name>
		<continent>プクランド</continent>
		<type>フィールド</type>
		<map/>
	</area>
	<area>
		<id>137</id>
		<name>キラキラ大風車塔</name>
		<continent>プクランド</continent>
		<type>フィールド</type>
		<map/>
	</area>
	<area>
		<id>138</id>
		<name>プーラの洞穴</name>
		<continent>プクランド</continent>
		<type>その他</type>
		<map/>
	</area>
	<area>
		<id>139</id>
		<name>ポポリアきのこ山</name>
		<continent>プクランド</continent>
		<type>その他</type>
		<map/>
	</area>
	<area>
		<id>140</id>
		<name>オルッパ地下洞窟</name>
		<continent>プクランド</continent>
		<type>その他</type>
		<map/>
	</area>
	<area>
		<id>141</id>
		<name>フェルアバの洞窟</name>
		<continent>プクランド</continent>
		<type>その他</type>
		<map/>
	</area>
	<area>
		<id>142</id>
		<name>ダンダダ団アジト</name>
		<continent>プクランド</continent>
		<type>その他</type>
		<map/>
	</area>
	<area>
		<id>143</id>
		<name>チョッピ荒野</name>
		<continent>プクランド</continent>
		<type>その他</type>
		<map/>
	</area>
	<area>
		<id>144</id>
		<name>エピステーサ丘陵</name>
		<continent>プクランド</continent>
		<type>その他</type>
		<map/>
	</area>
	<area>
		<id>145</id>
		<name>メギラザの洞窟</name>
		<continent>プクランド</continent>
		<type>その他</type>
		<map/>
	</area>
	<area>
		<id>146</id>
		<name>プペラトンネル</name>
		<continent>プクランド</continent>
		<type>その他</type>
		<map/>
	</area>
	<area>
		<id>147</id>
		<name>ポポラパの洞くつ</name>
		<continent>プクランド</continent>
		<type>その他</type>
		<map/>
	</area>
	<area>
		<id>148</id>
		<name>ペシュヤ地下空洞</name>
		<continent>プクランド</continent>
		<type>その他</type>
		<map/>
	</area>
	<area>
		<id>149</id>
		<name>賢者の隠れ家</name>
		<continent>プクランド</continent>
		<type>その他</type>
		<map/>
	</area>
	<area>
		<id>150</id>
		<name>港町レンドア北</name>
		<continent>レンダーシア</continent>
		<type>町</type>
		<map/>
	</area>
	<area>
		<id>151</id>
		<name>港町レンドア南</name>
		<continent>レンダーシア</continent>
		<type>町</type>
		<map/>
	</area>
	<area>
		<id>152</id>
		<name>娯楽島ラッカラン</name>
		<continent>レンダーシア</continent>
		<type>町</type>
		<map/>
	</area>
	<area>
		<id>153</id>
		<name>預かり所</name>
		<continent>その他</continent>
		<type>施設</type>
		<map/>
	</area>
	<area>
		<id>154</id>
		<name>冒険者の酒場</name>
		<continent>その他</continent>
		<type>施設</type>
		<map/>
	</area>
	<area>
		<id>155</id>
		<name>宿屋</name>
		<continent>その他</continent>
		<type>施設</type>
		<map/>
	</area>
	<area>
		<id>156</id>
		<name>酒場隣の出張所</name>
		<continent>その他</continent>
		<type>施設</type>
		<map/>
	</area>
</content>