<?xml version="1.0" encoding="UTF-8" standalone="yes"?>
<content>
	<quest>
		<id>1</id>
		<name>説明おじさんの生きがい</name>
		<area>119</area>
		<prov/>
		<fame>9</fame>
	</quest>
	<quest>
		<id>2</id>
		<name>ちっちゃな恋の物語</name>
		<area>38</area>
		<prov/>
		<fame>9</fame>
	</quest>
	<quest>
		<id>3</id>
		<name>おばあちゃん先生の授業</name>
		<area>68</area>
		<prov/>
		<fame>9</fame>
	</quest>
	<quest>
		<id>4</id>
		<name>ヤキトリじいさんの日常</name>
		<area>1</area>
		<prov/>
		<fame>9</fame>
	</quest>
	<quest>
		<id>5</id>
		<name>世話焼きオバサンの計画</name>
		<area>90</area>
		<prov/>
		<fame>9</fame>
	</quest>
	<quest>
		<id>6</id>
		<name>想いを花に込めて</name>
		<area>70</area>
		<prov/>
		<fame>26</fame>
	</quest>
	<quest>
		<id>7</id>
		<name>薬草戦士と豊かな土</name>
		<area>3</area>
		<prov/>
		<fame>26</fame>
	</quest>
	<quest>
		<id>8</id>
		<name>流れ着いた愛の詩</name>
		<area>40</area>
		<prov/>
		<fame>26</fame>
	</quest>
	<quest>
		<id>9</id>
		<name>枯れないジジイの大仕掛け</name>
		<area>92</area>
		<prov/>
		<fame>26</fame>
	</quest>
	<quest>
		<id>10</id>
		<name>魔法のオーブン</name>
		<area>121</area>
		<prov/>
		<fame>26</fame>
	</quest>
	<quest>
		<id>11</id>
		<name>目指せ！ステキなオネエ</name>
		<area>151</area>
		<prov/>
		<fame>26</fame>
	</quest>
	<quest>
		<id>12</id>
		<name>コックはいつも大忙し</name>
		<area>6</area>
		<prov/>
		<fame>52</fame>
	</quest>
	<quest>
		<id>13</id>
		<name>オーマイドリーム！</name>
		<area>123</area>
		<prov/>
		<fame>52</fame>
	</quest>
	<quest>
		<id>14</id>
		<name>憎らしいヨメ</name>
		<area>42</area>
		<prov/>
		<fame>52</fame>
	</quest>
	<quest>
		<id>15</id>
		<name>まことの美を求めて</name>
		<area>73</area>
		<prov/>
		<fame>52</fame>
	</quest>
	<quest>
		<id>16</id>
		<name>謎の半球体</name>
		<area>94</area>
		<prov/>
		<fame>52</fame>
	</quest>
	<quest>
		<id>17</id>
		<name>ぬいぐるみを買いに</name>
		<area>6</area>
		<prov/>
		<fame>43</fame>
	</quest>
	<quest>
		<id>18</id>
		<name>王家の本であります！</name>
		<area>42</area>
		<prov/>
		<fame>43</fame>
	</quest>
	<quest>
		<id>19</id>
		<name>新商品は桜の香り</name>
		<area>70</area>
		<prov/>
		<fame>17</fame>
	</quest>
	<quest>
		<id>20</id>
		<name>夕景の3</name>
		<area>3</area>
		<prov/>
		<fame>17</fame>
	</quest>
	<quest>
		<id>21</id>
		<name>南国からお届け！</name>
		<area>40</area>
		<prov/>
		<fame>17</fame>
	</quest>
	<quest>
		<id>22</id>
		<name>坑道跡は黄泉の国</name>
		<area>92</area>
		<prov/>
		<fame>17</fame>
	</quest>
	<quest>
		<id>23</id>
		<name>香りたつ幻の果実</name>
		<area>121</area>
		<prov/>
		<fame>17</fame>
	</quest>
	<quest>
		<id>24</id>
		<name>青の港町から</name>
		<area>150</area>
		<prov/>
		<fame>17</fame>
	</quest>
	<quest>
		<id>25</id>
		<name>猛き闘志の結晶</name>
		<area>6</area>
		<prov/>
		<fame>26</fame>
	</quest>
	<quest>
		<id>26</id>
		<name>幸福のモコモコ</name>
		<area>123</area>
		<prov/>
		<fame>26</fame>
	</quest>
	<quest>
		<id>27</id>
		<name>潮騒を聴かせて</name>
		<area>42</area>
		<prov/>
		<fame>26</fame>
	</quest>
	<quest>
		<id>28</id>
		<name>雨上がりの都絵図</name>
		<area>72</area>
		<prov/>
		<fame>26</fame>
	</quest>
	<quest>
		<id>29</id>
		<name>おひさまのぬくもり</name>
		<area>94</area>
		<prov/>
		<fame>26</fame>
	</quest>
	<quest>
		<id>30</id>
		<name>愛と信頼の預かり所</name>
		<area>153</area>
		<prov>Lv10</prov>
		<fame>17</fame>
	</quest>
	<quest>
		<id>31</id>
		<name>冒険者の酒場へようこそ！</name>
		<area>154</area>
		<prov/>
		<fame>17</fame>
	</quest>
	<quest>
		<id>32</id>
		<name>旅のお供にコンシェルジュ</name>
		<area>155</area>
		<prov>Lv15</prov>
		<fame>26</fame>
	</quest>
	<quest>
		<id>33</id>
		<name>メダル・オーナーの悔恨</name>
		<area>152</area>
		<prov>Lv15</prov>
		<fame>26</fame>
	</quest>
	<quest>
		<id>34</id>
		<name>ダーマの試練</name>
		<area>156</area>
		<prov>Lv20</prov>
		<fame>34</fame>
	</quest>
	<quest>
		<id>35</id>
		<name>旅の終わりと記憶の石</name>
		<area>150</area>
		<prov>Lv25</prov>
		<fame>43</fame>
	</quest>
	<quest>
		<id>36</id>
		<name>頑固職人の息子</name>
		<area>40</area>
		<prov>Lv26</prov>
		<fame>34</fame>
	</quest>
	<quest>
		<id>37</id>
		<name>カギ師の小箱</name>
		<area>124</area>
		<prov>Lv40</prov>
		<fame>69</fame>
	</quest>
	<quest>
		<id>38</id>
		<name>武器鍛冶職人の道</name>
		<area>3</area>
		<prov/>
		<fame>17</fame>
	</quest>
	<quest>
		<id>39</id>
		<name>一人前の武器鍛冶職人</name>
		<area>3</area>
		<prov>職人Lv10</prov>
		<fame>34</fame>
	</quest>
	<quest>
		<id>40</id>
		<name>防具鍛冶職人にならない?</name>
		<area>94</area>
		<prov/>
		<fame>17</fame>
	</quest>
	<quest>
		<id>41</id>
		<name>家族への贈り物</name>
		<area>94</area>
		<prov>職人Lv10</prov>
		<fame>34</fame>
	</quest>
	<quest>
		<id>42</id>
		<name>鍛冶ハンマーを振るえ!</name>
		<area>150</area>
		<prov/>
		<fame>17</fame>
	</quest>
	<quest>
		<id>43</id>
		<name>さいほう針をかかげて</name>
		<area>150</area>
		<prov>職人Lv10</prov>
		<fame>34</fame>
	</quest>
	<quest>
		<id>44</id>
		<name>マスター・ユービアの誘い</name>
		<area>40</area>
		<prov/>
		<fame>17</fame>
	</quest>
	<quest>
		<id>45</id>
		<name>裁縫とともに生きる道</name>
		<area>40</area>
		<prov>職人Lv10</prov>
		<fame>34</fame>
	</quest>
	<quest>
		<id>46</id>
		<name>木工のイロハ</name>
		<area>72</area>
		<prov/>
		<fame>17</fame>
	</quest>
	<quest>
		<id>47</id>
		<name>へこむカンナさん</name>
		<area>72</area>
		<prov>職人Lv10</prov>
		<fame>34</fame>
	</quest>
	<quest>
		<id>48</id>
		<name>ランプ錬金やるっしょ？</name>
		<area>152</area>
		<prov/>
		<fame>17</fame>
	</quest>
	<quest>
		<id>49</id>
		<name>一人前になるっしょ？</name>
		<area>152</area>
		<prov>職人Lv10</prov>
		<fame>34</fame>
	</quest>
	<quest>
		<id>50</id>
		<name>ポーリアにおまかせ</name>
		<area>150</area>
		<prov/>
		<fame>17</fame>
	</quest>
	<quest>
		<id>51</id>
		<name>ポーリアが望むモノ</name>
		<area>150</area>
		<prov>職人Lv10</prov>
		<fame>34</fame>
	</quest>
	<quest>
		<id>52</id>
		<name>とある老行者の試練</name>
		<area>3</area>
		<prov>戦士Lv30</prov>
		<fame>34</fame>
	</quest>
	<quest>
		<id>53</id>
		<name>修羅への道</name>
		<area>3</area>
		<prov>戦士Lv35</prov>
		<fame>69</fame>
	</quest>
	<quest>
		<id>54</id>
		<name>闇との境界</name>
		<area>3</area>
		<prov>戦士Lv40</prov>
		<fame>103</fame>
	</quest>
	<quest>
		<id>55</id>
		<name>強さの果て</name>
		<area>3</area>
		<prov>戦士Lv45</prov>
		<fame>137</fame>
	</quest>
	<quest>
		<id>56</id>
		<name>真の敵は</name>
		<area>3</area>
		<prov>戦士Lv50</prov>
		<fame>172</fame>
	</quest>
	<quest>
		<id>57</id>
		<name>香術師の依頼</name>
		<area>70</area>
		<prov>僧侶Lv30</prov>
		<fame>34</fame>
	</quest>
	<quest>
		<id>58</id>
		<name>エルドナ神の洗礼</name>
		<area>70</area>
		<prov>僧侶Lv35</prov>
		<fame>69</fame>
	</quest>
	<quest>
		<id>59</id>
		<name>死神の呼び声</name>
		<area>70</area>
		<prov>僧侶Lv40</prov>
		<fame>103</fame>
	</quest>
	<quest>
		<id>60</id>
		<name>聖者の天秤</name>
		<area>70</area>
		<prov>僧侶Lv45</prov>
		<fame>137</fame>
	</quest>
	<quest>
		<id>61</id>
		<name>僧侶の戦い</name>
		<area>70</area>
		<prov>僧侶Lv50</prov>
		<fame>172</fame>
	</quest>
	<quest>
		<id>62</id>
		<name>出会いは合わせ鏡</name>
		<area>151</area>
		<prov>魔使Lv30</prov>
		<fame>34</fame>
	</quest>
	<quest>
		<id>63</id>
		<name>みがけば光る！</name>
		<area>151</area>
		<prov>魔使Lv35</prov>
		<fame>69</fame>
	</quest>
	<quest>
		<id>64</id>
		<name>はじめてのオフ会</name>
		<area>151</area>
		<prov>魔使Lv40</prov>
		<fame>103</fame>
	</quest>
	<quest>
		<id>65</id>
		<name>魔法使いは行方不明</name>
		<area>151</area>
		<prov>魔使Lv45</prov>
		<fame>137</fame>
	</quest>
	<quest>
		<id>66</id>
		<name>リュナンの正体</name>
		<area>151</area>
		<prov>魔使Lv50</prov>
		<fame>172</fame>
	</quest>
	<quest>
		<id>67</id>
		<name>超天道士の遺産</name>
		<area>40</area>
		<prov>武闘Lv30</prov>
		<fame>34</fame>
	</quest>
	<quest>
		<id>68</id>
		<name>弐の試練</name>
		<area>40</area>
		<prov>武闘Lv35</prov>
		<fame>69</fame>
	</quest>
	<quest>
		<id>69</id>
		<name>名を継ぐ者</name>
		<area>40</area>
		<prov>武闘Lv40</prov>
		<fame>103</fame>
	</quest>
	<quest>
		<id>70</id>
		<name>生か死か</name>
		<area>40</area>
		<prov>武闘Lv45</prov>
		<fame>137</fame>
	</quest>
	<quest>
		<id>71</id>
		<name>ヤーン　涙の鉄拳</name>
		<area>40</area>
		<prov>武闘Lv50</prov>
		<fame>172</fame>
	</quest>
	<quest>
		<id>72</id>
		<name>トレジャーハント!</name>
		<area>92</area>
		<prov>盗賊Lv30</prov>
		<fame>34</fame>
	</quest>
	<quest>
		<id>73</id>
		<name>形見を取り返せ!</name>
		<area>92</area>
		<prov>盗賊Lv35</prov>
		<fame>69</fame>
	</quest>
	<quest>
		<id>74</id>
		<name>ブデチョの依頼</name>
		<area>92</area>
		<prov>盗賊Lv40</prov>
		<fame>103</fame>
	</quest>
	<quest>
		<id>75</id>
		<name>盗賊の心意気</name>
		<area>92</area>
		<prov>盗賊Lv45</prov>
		<fame>137</fame>
	</quest>
	<quest>
		<id>76</id>
		<name>あこがれの盗賊王</name>
		<area>92</area>
		<prov>盗賊Lv50</prov>
		<fame>172</fame>
	</quest>
	<quest>
		<id>77</id>
		<name>旅芸人の弟子</name>
		<area>130</area>
		<prov>旅芸Lv30</prov>
		<fame>34</fame>
	</quest>
	<quest>
		<id>78</id>
		<name>消えた旅芸人</name>
		<area>130</area>
		<prov>旅芸Lv35</prov>
		<fame>69</fame>
	</quest>
	<quest>
		<id>79</id>
		<name>修行の果てに</name>
		<area>130</area>
		<prov>旅芸Lv40</prov>
		<fame>103</fame>
	</quest>
	<quest>
		<id>80</id>
		<name>芸を忘れた男</name>
		<area>130</area>
		<prov>旅芸Lv45</prov>
		<fame>137</fame>
	</quest>
	<quest>
		<id>81</id>
		<name>笑いの極み</name>
		<area>130</area>
		<prov>旅芸Lv50</prov>
		<fame>172</fame>
	</quest>
	<quest>
		<id>82</id>
		<name>さまよえる怪物</name>
		<area>3</area>
		<prov>黒のキーエンブレム入手</prov>
		<fame>34</fame>
	</quest>
	<quest>
		<id>83</id>
		<name>明かされる過去</name>
		<area>3</area>
		<prov>No.82クリア後</prov>
		<fame>52</fame>
	</quest>
	<quest>
		<id>84</id>
		<name>目覚める剣士</name>
		<area>3</area>
		<prov>No.83クリア後</prov>
		<fame>69</fame>
	</quest>
	<quest>
		<id>85</id>
		<name>立ちはだかる守護者</name>
		<area>3</area>
		<prov>No.84クリア後</prov>
		<fame>86</fame>
	</quest>
	<quest>
		<id>86</id>
		<name>語り継がれる真実</name>
		<area>3</area>
		<prov>No.85クリア後</prov>
		<fame>103</fame>
	</quest>
	<quest>
		<id>87</id>
		<name>いにしえの皇子　</name>
		<area>92</area>
		<prov>黄のキーエンブレム入手</prov>
		<fame>34</fame>
	</quest>
	<quest>
		<id>88</id>
		<name>憎しみは時を超えて</name>
		<area>92</area>
		<prov>No.87クリア後</prov>
		<fame>52</fame>
	</quest>
	<quest>
		<id>89</id>
		<name>カルサドラの赤き計略</name>
		<area>92</area>
		<prov>No.88クリア後</prov>
		<fame>69</fame>
	</quest>
	<quest>
		<id>90</id>
		<name>終わりを告げる者</name>
		<area>92</area>
		<prov>No.89クリア後</prov>
		<fame>86</fame>
	</quest>
	<quest>
		<id>91</id>
		<name>託された希望</name>
		<area>92</area>
		<prov>No.90クリア後</prov>
		<fame>103</fame>
	</quest>
	<quest>
		<id>92</id>
		<name/>
		<area/>
		<prov/>
		<fame>0</fame>
	</quest>
	<quest>
		<id>93</id>
		<name/>
		<area/>
		<prov/>
		<fame>0</fame>
	</quest>
	<quest>
		<id>94</id>
		<name>輝け！メダライト</name>
		<area>152</area>
		<prov/>
		<fame/>
	</quest>
	<quest>
		<id>95</id>
		<name>そうびぶくろ超整理術</name>
		<area>152</area>
		<prov>Lv35以上</prov>
		<fame>69</fame>
	</quest>
	<quest>
		<id>96</id>
		<name>闘神ラダ・ガートの誓い</name>
		<area>6</area>
		<prov>Lv40以上</prov>
		<fame>86</fame>
	</quest>
	<quest>
		<id>97</id>
		<name>ビッグホルンの復活</name>
		<area>121</area>
		<prov>Lv32以上</prov>
		<fame>34</fame>
	</quest>
	<quest>
		<id>98</id>
		<name>風車塔のほほえみ</name>
		<area>123</area>
		<prov>Lv42以上</prov>
		<fame>34</fame>
	</quest>
	<quest>
		<id>99</id>
		<name>高みを目指す者</name>
		<area>86</area>
		<prov>Lv50以上</prov>
		<fame>103</fame>
	</quest>
	<quest>
		<id>100</id>
		<name>パラディンの心得</name>
		<area>6</area>
		<prov/>
		<fame>43</fame>
	</quest>
	<quest>
		<id>101</id>
		<name>こちらレンジャー協会</name>
		<area>72</area>
		<prov/>
		<fame>43</fame>
	</quest>
</content>