<?xml version="1.0" encoding="UTF-8" standalone="yes"?>
<content>
	<monster_live>
		<id>1</id>
		<mid>0</mid>
		<aid>-1</aid>
	</monster_live>
	<monster_live>
		<id>2</id>
		<mid>1</mid>
		<aid>129</aid>
	</monster_live>
	<monster_live>
		<id>3</id>
		<mid>2</mid>
		<aid>103</aid>
	</monster_live>
	<monster_live>
		<id>4</id>
		<mid>2</mid>
		<aid>102</aid>
	</monster_live>
	<monster_live>
		<id>5</id>
		<mid>3</mid>
		<aid>9</aid>
	</monster_live>
	<monster_live>
		<id>6</id>
		<mid>3</mid>
		<aid>24</aid>
	</monster_live>
	<monster_live>
		<id>7</id>
		<mid>4</mid>
		<aid>67</aid>
	</monster_live>
	<monster_live>
		<id>8</id>
		<mid>4</mid>
		<aid>24</aid>
	</monster_live>
	<monster_live>
		<id>9</id>
		<mid>5</mid>
		<aid>81</aid>
	</monster_live>
	<monster_live>
		<id>10</id>
		<mid>6</mid>
		<aid>98</aid>
	</monster_live>
	<monster_live>
		<id>11</id>
		<mid>6</mid>
		<aid>76</aid>
	</monster_live>
	<monster_live>
		<id>12</id>
		<mid>6</mid>
		<aid>144</aid>
	</monster_live>
	<monster_live>
		<id>13</id>
		<mid>7</mid>
		<aid>134</aid>
	</monster_live>
	<monster_live>
		<id>14</id>
		<mid>8</mid>
		<aid>134</aid>
	</monster_live>
	<monster_live>
		<id>15</id>
		<mid>9</mid>
		<aid>51</aid>
	</monster_live>
	<monster_live>
		<id>16</id>
		<mid>9</mid>
		<aid>103</aid>
	</monster_live>
	<monster_live>
		<id>17</id>
		<mid>10</mid>
		<aid>130</aid>
	</monster_live>
	<monster_live>
		<id>18</id>
		<mid>10</mid>
		<aid>112</aid>
	</monster_live>
	<monster_live>
		<id>19</id>
		<mid>10</mid>
		<aid>56</aid>
	</monster_live>
	<monster_live>
		<id>20</id>
		<mid>11</mid>
		<aid>59</aid>
	</monster_live>
	<monster_live>
		<id>21</id>
		<mid>12</mid>
		<aid>78</aid>
	</monster_live>
	<monster_live>
		<id>22</id>
		<mid>13</mid>
		<aid>139</aid>
	</monster_live>
	<monster_live>
		<id>23</id>
		<mid>14</mid>
		<aid>135</aid>
	</monster_live>
	<monster_live>
		<id>24</id>
		<mid>14</mid>
		<aid>20</aid>
	</monster_live>
	<monster_live>
		<id>25</id>
		<mid>15</mid>
		<aid>47</aid>
	</monster_live>
	<monster_live>
		<id>26</id>
		<mid>15</mid>
		<aid>77</aid>
	</monster_live>
	<monster_live>
		<id>27</id>
		<mid>15</mid>
		<aid>129</aid>
	</monster_live>
	<monster_live>
		<id>28</id>
		<mid>16</mid>
		<aid>77</aid>
	</monster_live>
	<monster_live>
		<id>29</id>
		<mid>17</mid>
		<aid>79</aid>
	</monster_live>
	<monster_live>
		<id>30</id>
		<mid>17</mid>
		<aid>131</aid>
	</monster_live>
	<monster_live>
		<id>31</id>
		<mid>18</mid>
		<aid>-1</aid>
	</monster_live>
	<monster_live>
		<id>32</id>
		<mid>19</mid>
		<aid>85</aid>
	</monster_live>
	<monster_live>
		<id>33</id>
		<mid>20</mid>
		<aid>24</aid>
	</monster_live>
	<monster_live>
		<id>34</id>
		<mid>21</mid>
		<aid>103</aid>
	</monster_live>
	<monster_live>
		<id>35</id>
		<mid>22</mid>
		<aid>86</aid>
	</monster_live>
	<monster_live>
		<id>36</id>
		<mid>23</mid>
		<aid>97</aid>
	</monster_live>
	<monster_live>
		<id>37</id>
		<mid>24</mid>
		<aid>9</aid>
	</monster_live>
	<monster_live>
		<id>38</id>
		<mid>25</mid>
		<aid>-1</aid>
	</monster_live>
	<monster_live>
		<id>39</id>
		<mid>26</mid>
		<aid>84</aid>
	</monster_live>
	<monster_live>
		<id>40</id>
		<mid>27</mid>
		<aid>87</aid>
	</monster_live>
	<monster_live>
		<id>41</id>
		<mid>28</mid>
		<aid>131</aid>
	</monster_live>
	<monster_live>
		<id>42</id>
		<mid>28</mid>
		<aid>112</aid>
	</monster_live>
	<monster_live>
		<id>43</id>
		<mid>28</mid>
		<aid>58</aid>
	</monster_live>
	<monster_live>
		<id>44</id>
		<mid>28</mid>
		<aid>115</aid>
	</monster_live>
	<monster_live>
		<id>45</id>
		<mid>29</mid>
		<aid>110</aid>
	</monster_live>
	<monster_live>
		<id>46</id>
		<mid>29</mid>
		<aid>13</aid>
	</monster_live>
	<monster_live>
		<id>47</id>
		<mid>29</mid>
		<aid>108</aid>
	</monster_live>
	<monster_live>
		<id>48</id>
		<mid>29</mid>
		<aid>59</aid>
	</monster_live>
	<monster_live>
		<id>49</id>
		<mid>30</mid>
		<aid>-1</aid>
	</monster_live>
	<monster_live>
		<id>50</id>
		<mid>31</mid>
		<aid>133</aid>
	</monster_live>
	<monster_live>
		<id>51</id>
		<mid>31</mid>
		<aid>111</aid>
	</monster_live>
	<monster_live>
		<id>52</id>
		<mid>31</mid>
		<aid>135</aid>
	</monster_live>
	<monster_live>
		<id>53</id>
		<mid>32</mid>
		<aid>130</aid>
	</monster_live>
	<monster_live>
		<id>54</id>
		<mid>32</mid>
		<aid>135</aid>
	</monster_live>
	<monster_live>
		<id>55</id>
		<mid>32</mid>
		<aid>87</aid>
	</monster_live>
	<monster_live>
		<id>56</id>
		<mid>33</mid>
		<aid>63</aid>
	</monster_live>
	<monster_live>
		<id>57</id>
		<mid>33</mid>
		<aid>55</aid>
	</monster_live>
	<monster_live>
		<id>58</id>
		<mid>33</mid>
		<aid>57</aid>
	</monster_live>
	<monster_live>
		<id>59</id>
		<mid>34</mid>
		<aid>-1</aid>
	</monster_live>
	<monster_live>
		<id>60</id>
		<mid>35</mid>
		<aid>-1</aid>
	</monster_live>
	<monster_live>
		<id>61</id>
		<mid>36</mid>
		<aid>88</aid>
	</monster_live>
	<monster_live>
		<id>62</id>
		<mid>36</mid>
		<aid>84</aid>
	</monster_live>
	<monster_live>
		<id>63</id>
		<mid>36</mid>
		<aid>116</aid>
	</monster_live>
	<monster_live>
		<id>64</id>
		<mid>37</mid>
		<aid>87</aid>
	</monster_live>
	<monster_live>
		<id>65</id>
		<mid>38</mid>
		<aid>37</aid>
	</monster_live>
	<monster_live>
		<id>66</id>
		<mid>39</mid>
		<aid>98</aid>
	</monster_live>
	<monster_live>
		<id>67</id>
		<mid>39</mid>
		<aid>75</aid>
	</monster_live>
	<monster_live>
		<id>68</id>
		<mid>40</mid>
		<aid>99</aid>
	</monster_live>
	<monster_live>
		<id>69</id>
		<mid>40</mid>
		<aid>88</aid>
	</monster_live>
	<monster_live>
		<id>70</id>
		<mid>40</mid>
		<aid>18</aid>
	</monster_live>
	<monster_live>
		<id>71</id>
		<mid>41</mid>
		<aid>126</aid>
	</monster_live>
	<monster_live>
		<id>72</id>
		<mid>41</mid>
		<aid>76</aid>
	</monster_live>
	<monster_live>
		<id>73</id>
		<mid>41</mid>
		<aid>78</aid>
	</monster_live>
	<monster_live>
		<id>74</id>
		<mid>41</mid>
		<aid>114</aid>
	</monster_live>
	<monster_live>
		<id>75</id>
		<mid>42</mid>
		<aid>12</aid>
	</monster_live>
	<monster_live>
		<id>76</id>
		<mid>42</mid>
		<aid>13</aid>
	</monster_live>
	<monster_live>
		<id>77</id>
		<mid>43</mid>
		<aid>147</aid>
	</monster_live>
	<monster_live>
		<id>78</id>
		<mid>43</mid>
		<aid>103</aid>
	</monster_live>
	<monster_live>
		<id>79</id>
		<mid>44</mid>
		<aid>98</aid>
	</monster_live>
	<monster_live>
		<id>80</id>
		<mid>44</mid>
		<aid>75</aid>
	</monster_live>
	<monster_live>
		<id>81</id>
		<mid>44</mid>
		<aid>129</aid>
	</monster_live>
	<monster_live>
		<id>82</id>
		<mid>44</mid>
		<aid>10</aid>
	</monster_live>
	<monster_live>
		<id>83</id>
		<mid>44</mid>
		<aid>97</aid>
	</monster_live>
	<monster_live>
		<id>84</id>
		<mid>44</mid>
		<aid>103</aid>
	</monster_live>
	<monster_live>
		<id>85</id>
		<mid>44</mid>
		<aid>48</aid>
	</monster_live>
	<monster_live>
		<id>86</id>
		<mid>44</mid>
		<aid>102</aid>
	</monster_live>
	<monster_live>
		<id>87</id>
		<mid>45</mid>
		<aid>9</aid>
	</monster_live>
	<monster_live>
		<id>88</id>
		<mid>46</mid>
		<aid>113</aid>
	</monster_live>
	<monster_live>
		<id>89</id>
		<mid>47</mid>
		<aid>76</aid>
	</monster_live>
	<monster_live>
		<id>90</id>
		<mid>48</mid>
		<aid>17</aid>
	</monster_live>
	<monster_live>
		<id>91</id>
		<mid>48</mid>
		<aid>133</aid>
	</monster_live>
	<monster_live>
		<id>92</id>
		<mid>48</mid>
		<aid>116</aid>
	</monster_live>
	<monster_live>
		<id>93</id>
		<mid>49</mid>
		<aid>48</aid>
	</monster_live>
	<monster_live>
		<id>94</id>
		<mid>50</mid>
		<aid>126</aid>
	</monster_live>
	<monster_live>
		<id>95</id>
		<mid>50</mid>
		<aid>136</aid>
	</monster_live>
	<monster_live>
		<id>96</id>
		<mid>50</mid>
		<aid>144</aid>
	</monster_live>
	<monster_live>
		<id>97</id>
		<mid>51</mid>
		<aid>10</aid>
	</monster_live>
	<monster_live>
		<id>98</id>
		<mid>51</mid>
		<aid>17</aid>
	</monster_live>
	<monster_live>
		<id>99</id>
		<mid>51</mid>
		<aid>85</aid>
	</monster_live>
	<monster_live>
		<id>100</id>
		<mid>52</mid>
		<aid>-1</aid>
	</monster_live>
	<monster_live>
		<id>101</id>
		<mid>53</mid>
		<aid>110</aid>
	</monster_live>
	<monster_live>
		<id>102</id>
		<mid>53</mid>
		<aid>13</aid>
	</monster_live>
	<monster_live>
		<id>103</id>
		<mid>53</mid>
		<aid>22</aid>
	</monster_live>
	<monster_live>
		<id>104</id>
		<mid>53</mid>
		<aid>108</aid>
	</monster_live>
	<monster_live>
		<id>105</id>
		<mid>53</mid>
		<aid>144</aid>
	</monster_live>
	<monster_live>
		<id>106</id>
		<mid>54</mid>
		<aid>100</aid>
	</monster_live>
	<monster_live>
		<id>107</id>
		<mid>54</mid>
		<aid>16</aid>
	</monster_live>
	<monster_live>
		<id>108</id>
		<mid>55</mid>
		<aid>76</aid>
	</monster_live>
	<monster_live>
		<id>109</id>
		<mid>55</mid>
		<aid>99</aid>
	</monster_live>
	<monster_live>
		<id>110</id>
		<mid>55</mid>
		<aid>100</aid>
	</monster_live>
	<monster_live>
		<id>111</id>
		<mid>55</mid>
		<aid>86</aid>
	</monster_live>
	<monster_live>
		<id>112</id>
		<mid>56</mid>
		<aid>53</aid>
	</monster_live>
	<monster_live>
		<id>113</id>
		<mid>56</mid>
		<aid>55</aid>
	</monster_live>
	<monster_live>
		<id>114</id>
		<mid>56</mid>
		<aid>106</aid>
	</monster_live>
	<monster_live>
		<id>115</id>
		<mid>57</mid>
		<aid>55</aid>
	</monster_live>
	<monster_live>
		<id>116</id>
		<mid>58</mid>
		<aid>130</aid>
	</monster_live>
	<monster_live>
		<id>117</id>
		<mid>59</mid>
		<aid>85</aid>
	</monster_live>
	<monster_live>
		<id>118</id>
		<mid>60</mid>
		<aid>82</aid>
	</monster_live>
	<monster_live>
		<id>119</id>
		<mid>60</mid>
		<aid>85</aid>
	</monster_live>
	<monster_live>
		<id>120</id>
		<mid>61</mid>
		<aid>67</aid>
	</monster_live>
	<monster_live>
		<id>121</id>
		<mid>61</mid>
		<aid>57</aid>
	</monster_live>
	<monster_live>
		<id>122</id>
		<mid>61</mid>
		<aid>118</aid>
	</monster_live>
	<monster_live>
		<id>123</id>
		<mid>62</mid>
		<aid>-1</aid>
	</monster_live>
	<monster_live>
		<id>124</id>
		<mid>63</mid>
		<aid>127</aid>
	</monster_live>
	<monster_live>
		<id>125</id>
		<mid>63</mid>
		<aid>50</aid>
	</monster_live>
	<monster_live>
		<id>126</id>
		<mid>63</mid>
		<aid>112</aid>
	</monster_live>
	<monster_live>
		<id>127</id>
		<mid>64</mid>
		<aid>88</aid>
	</monster_live>
	<monster_live>
		<id>128</id>
		<mid>65</mid>
		<aid>78</aid>
	</monster_live>
	<monster_live>
		<id>129</id>
		<mid>65</mid>
		<aid>20</aid>
	</monster_live>
	<monster_live>
		<id>130</id>
		<mid>66</mid>
		<aid>13</aid>
	</monster_live>
	<monster_live>
		<id>131</id>
		<mid>67</mid>
		<aid>89</aid>
	</monster_live>
	<monster_live>
		<id>132</id>
		<mid>67</mid>
		<aid>56</aid>
	</monster_live>
	<monster_live>
		<id>133</id>
		<mid>67</mid>
		<aid>107</aid>
	</monster_live>
	<monster_live>
		<id>134</id>
		<mid>67</mid>
		<aid>87</aid>
	</monster_live>
	<monster_live>
		<id>135</id>
		<mid>68</mid>
		<aid>116</aid>
	</monster_live>
	<monster_live>
		<id>136</id>
		<mid>69</mid>
		<aid>130</aid>
	</monster_live>
	<monster_live>
		<id>137</id>
		<mid>69</mid>
		<aid>79</aid>
	</monster_live>
	<monster_live>
		<id>138</id>
		<mid>69</mid>
		<aid>49</aid>
	</monster_live>
	<monster_live>
		<id>139</id>
		<mid>69</mid>
		<aid>17</aid>
	</monster_live>
	<monster_live>
		<id>140</id>
		<mid>69</mid>
		<aid>131</aid>
	</monster_live>
	<monster_live>
		<id>141</id>
		<mid>70</mid>
		<aid>-1</aid>
	</monster_live>
	<monster_live>
		<id>142</id>
		<mid>71</mid>
		<aid>55</aid>
	</monster_live>
	<monster_live>
		<id>143</id>
		<mid>71</mid>
		<aid>99</aid>
	</monster_live>
	<monster_live>
		<id>144</id>
		<mid>72</mid>
		<aid>-1</aid>
	</monster_live>
	<monster_live>
		<id>145</id>
		<mid>73</mid>
		<aid>130</aid>
	</monster_live>
	<monster_live>
		<id>146</id>
		<mid>73</mid>
		<aid>80</aid>
	</monster_live>
	<monster_live>
		<id>147</id>
		<mid>73</mid>
		<aid>102</aid>
	</monster_live>
	<monster_live>
		<id>148</id>
		<mid>73</mid>
		<aid>52</aid>
	</monster_live>
	<monster_live>
		<id>149</id>
		<mid>74</mid>
		<aid>52</aid>
	</monster_live>
	<monster_live>
		<id>150</id>
		<mid>75</mid>
		<aid>11</aid>
	</monster_live>
	<monster_live>
		<id>151</id>
		<mid>76</mid>
		<aid>-1</aid>
	</monster_live>
	<monster_live>
		<id>152</id>
		<mid>77</mid>
		<aid>60</aid>
	</monster_live>
	<monster_live>
		<id>153</id>
		<mid>78</mid>
		<aid>131</aid>
	</monster_live>
	<monster_live>
		<id>154</id>
		<mid>79</mid>
		<aid>10</aid>
	</monster_live>
	<monster_live>
		<id>155</id>
		<mid>80</mid>
		<aid>61</aid>
	</monster_live>
	<monster_live>
		<id>156</id>
		<mid>81</mid>
		<aid>105</aid>
	</monster_live>
	<monster_live>
		<id>157</id>
		<mid>82</mid>
		<aid>17</aid>
	</monster_live>
	<monster_live>
		<id>158</id>
		<mid>82</mid>
		<aid>114</aid>
	</monster_live>
	<monster_live>
		<id>159</id>
		<mid>82</mid>
		<aid>20</aid>
	</monster_live>
	<monster_live>
		<id>160</id>
		<mid>82</mid>
		<aid>144</aid>
	</monster_live>
	<monster_live>
		<id>161</id>
		<mid>83</mid>
		<aid>133</aid>
	</monster_live>
	<monster_live>
		<id>162</id>
		<mid>83</mid>
		<aid>56</aid>
	</monster_live>
	<monster_live>
		<id>163</id>
		<mid>84</mid>
		<aid>27</aid>
	</monster_live>
	<monster_live>
		<id>164</id>
		<mid>84</mid>
		<aid>84</aid>
	</monster_live>
	<monster_live>
		<id>165</id>
		<mid>84</mid>
		<aid>58</aid>
	</monster_live>
	<monster_live>
		<id>166</id>
		<mid>85</mid>
		<aid>47</aid>
	</monster_live>
	<monster_live>
		<id>167</id>
		<mid>86</mid>
		<aid>131</aid>
	</monster_live>
	<monster_live>
		<id>168</id>
		<mid>86</mid>
		<aid>50</aid>
	</monster_live>
	<monster_live>
		<id>169</id>
		<mid>87</mid>
		<aid>14</aid>
	</monster_live>
	<monster_live>
		<id>170</id>
		<mid>87</mid>
		<aid>84</aid>
	</monster_live>
	<monster_live>
		<id>171</id>
		<mid>88</mid>
		<aid>131</aid>
	</monster_live>
	<monster_live>
		<id>172</id>
		<mid>89</mid>
		<aid>30</aid>
	</monster_live>
	<monster_live>
		<id>173</id>
		<mid>89</mid>
		<aid>13</aid>
	</monster_live>
	<monster_live>
		<id>174</id>
		<mid>89</mid>
		<aid>106</aid>
	</monster_live>
	<monster_live>
		<id>175</id>
		<mid>89</mid>
		<aid>89</aid>
	</monster_live>
	<monster_live>
		<id>176</id>
		<mid>89</mid>
		<aid>85</aid>
	</monster_live>
	<monster_live>
		<id>177</id>
		<mid>90</mid>
		<aid>12</aid>
	</monster_live>
	<monster_live>
		<id>178</id>
		<mid>90</mid>
		<aid>102</aid>
	</monster_live>
	<monster_live>
		<id>179</id>
		<mid>90</mid>
		<aid>82</aid>
	</monster_live>
	<monster_live>
		<id>180</id>
		<mid>91</mid>
		<aid>126</aid>
	</monster_live>
	<monster_live>
		<id>181</id>
		<mid>92</mid>
		<aid>79</aid>
	</monster_live>
	<monster_live>
		<id>182</id>
		<mid>93</mid>
		<aid>139</aid>
	</monster_live>
	<monster_live>
		<id>183</id>
		<mid>94</mid>
		<aid>88</aid>
	</monster_live>
	<monster_live>
		<id>184</id>
		<mid>94</mid>
		<aid>133</aid>
	</monster_live>
	<monster_live>
		<id>185</id>
		<mid>94</mid>
		<aid>59</aid>
	</monster_live>
	<monster_live>
		<id>186</id>
		<mid>95</mid>
		<aid>148</aid>
	</monster_live>
	<monster_live>
		<id>187</id>
		<mid>95</mid>
		<aid>144</aid>
	</monster_live>
	<monster_live>
		<id>188</id>
		<mid>95</mid>
		<aid>108</aid>
	</monster_live>
	<monster_live>
		<id>189</id>
		<mid>96</mid>
		<aid>55</aid>
	</monster_live>
	<monster_live>
		<id>190</id>
		<mid>96</mid>
		<aid>116</aid>
	</monster_live>
	<monster_live>
		<id>191</id>
		<mid>97</mid>
		<aid>86</aid>
	</monster_live>
	<monster_live>
		<id>192</id>
		<mid>98</mid>
		<aid>14</aid>
	</monster_live>
	<monster_live>
		<id>193</id>
		<mid>98</mid>
		<aid>143</aid>
	</monster_live>
	<monster_live>
		<id>194</id>
		<mid>99</mid>
		<aid>129</aid>
	</monster_live>
	<monster_live>
		<id>195</id>
		<mid>99</mid>
		<aid>130</aid>
	</monster_live>
	<monster_live>
		<id>196</id>
		<mid>100</mid>
		<aid>-1</aid>
	</monster_live>
	<monster_live>
		<id>197</id>
		<mid>101</mid>
		<aid>48</aid>
	</monster_live>
	<monster_live>
		<id>198</id>
		<mid>101</mid>
		<aid>100</aid>
	</monster_live>
	<monster_live>
		<id>199</id>
		<mid>101</mid>
		<aid>19</aid>
	</monster_live>
	<monster_live>
		<id>200</id>
		<mid>101</mid>
		<aid>80</aid>
	</monster_live>
	<monster_live>
		<id>201</id>
		<mid>102</mid>
		<aid>65</aid>
	</monster_live>
	<monster_live>
		<id>202</id>
		<mid>103</mid>
		<aid>82</aid>
	</monster_live>
	<monster_live>
		<id>203</id>
		<mid>103</mid>
		<aid>83</aid>
	</monster_live>
	<monster_live>
		<id>204</id>
		<mid>104</mid>
		<aid>114</aid>
	</monster_live>
	<monster_live>
		<id>205</id>
		<mid>104</mid>
		<aid>104</aid>
	</monster_live>
	<monster_live>
		<id>206</id>
		<mid>105</mid>
		<aid>13</aid>
	</monster_live>
	<monster_live>
		<id>207</id>
		<mid>105</mid>
		<aid>112</aid>
	</monster_live>
	<monster_live>
		<id>208</id>
		<mid>105</mid>
		<aid>19</aid>
	</monster_live>
	<monster_live>
		<id>209</id>
		<mid>105</mid>
		<aid>143</aid>
	</monster_live>
	<monster_live>
		<id>210</id>
		<mid>106</mid>
		<aid>127</aid>
	</monster_live>
	<monster_live>
		<id>211</id>
		<mid>106</mid>
		<aid>12</aid>
	</monster_live>
	<monster_live>
		<id>212</id>
		<mid>106</mid>
		<aid>20</aid>
	</monster_live>
	<monster_live>
		<id>213</id>
		<mid>106</mid>
		<aid>83</aid>
	</monster_live>
	<monster_live>
		<id>214</id>
		<mid>107</mid>
		<aid>88</aid>
	</monster_live>
	<monster_live>
		<id>215</id>
		<mid>108</mid>
		<aid>66</aid>
	</monster_live>
	<monster_live>
		<id>216</id>
		<mid>109</mid>
		<aid>128</aid>
	</monster_live>
	<monster_live>
		<id>217</id>
		<mid>110</mid>
		<aid>-1</aid>
	</monster_live>
	<monster_live>
		<id>218</id>
		<mid>111</mid>
		<aid>30</aid>
	</monster_live>
	<monster_live>
		<id>219</id>
		<mid>111</mid>
		<aid>89</aid>
	</monster_live>
	<monster_live>
		<id>220</id>
		<mid>111</mid>
		<aid>116</aid>
	</monster_live>
	<monster_live>
		<id>221</id>
		<mid>111</mid>
		<aid>60</aid>
	</monster_live>
	<monster_live>
		<id>222</id>
		<mid>112</mid>
		<aid>115</aid>
	</monster_live>
	<monster_live>
		<id>223</id>
		<mid>112</mid>
		<aid>37</aid>
	</monster_live>
	<monster_live>
		<id>224</id>
		<mid>113</mid>
		<aid>22</aid>
	</monster_live>
	<monster_live>
		<id>225</id>
		<mid>113</mid>
		<aid>133</aid>
	</monster_live>
	<monster_live>
		<id>226</id>
		<mid>113</mid>
		<aid>114</aid>
	</monster_live>
	<monster_live>
		<id>227</id>
		<mid>113</mid>
		<aid>56</aid>
	</monster_live>
	<monster_live>
		<id>228</id>
		<mid>114</mid>
		<aid>115</aid>
	</monster_live>
	<monster_live>
		<id>229</id>
		<mid>114</mid>
		<aid>37</aid>
	</monster_live>
	<monster_live>
		<id>230</id>
		<mid>115</mid>
		<aid>47</aid>
	</monster_live>
	<monster_live>
		<id>231</id>
		<mid>115</mid>
		<aid>13</aid>
	</monster_live>
	<monster_live>
		<id>232</id>
		<mid>115</mid>
		<aid>100</aid>
	</monster_live>
	<monster_live>
		<id>233</id>
		<mid>115</mid>
		<aid>104</aid>
	</monster_live>
	<monster_live>
		<id>234</id>
		<mid>116</mid>
		<aid>82</aid>
	</monster_live>
	<monster_live>
		<id>235</id>
		<mid>116</mid>
		<aid>83</aid>
	</monster_live>
	<monster_live>
		<id>236</id>
		<mid>117</mid>
		<aid>67</aid>
	</monster_live>
	<monster_live>
		<id>237</id>
		<mid>117</mid>
		<aid>57</aid>
	</monster_live>
	<monster_live>
		<id>238</id>
		<mid>117</mid>
		<aid>118</aid>
	</monster_live>
	<monster_live>
		<id>239</id>
		<mid>118</mid>
		<aid>99</aid>
	</monster_live>
	<monster_live>
		<id>240</id>
		<mid>118</mid>
		<aid>79</aid>
	</monster_live>
	<monster_live>
		<id>241</id>
		<mid>118</mid>
		<aid>14</aid>
	</monster_live>
	<monster_live>
		<id>242</id>
		<mid>119</mid>
		<aid>76</aid>
	</monster_live>
	<monster_live>
		<id>243</id>
		<mid>119</mid>
		<aid>77</aid>
	</monster_live>
	<monster_live>
		<id>244</id>
		<mid>119</mid>
		<aid>56</aid>
	</monster_live>
	<monster_live>
		<id>245</id>
		<mid>119</mid>
		<aid>59</aid>
	</monster_live>
	<monster_live>
		<id>246</id>
		<mid>120</mid>
		<aid>136</aid>
	</monster_live>
	<monster_live>
		<id>247</id>
		<mid>120</mid>
		<aid>58</aid>
	</monster_live>
	<monster_live>
		<id>248</id>
		<mid>121</mid>
		<aid>19</aid>
	</monster_live>
	<monster_live>
		<id>249</id>
		<mid>121</mid>
		<aid>55</aid>
	</monster_live>
	<monster_live>
		<id>250</id>
		<mid>121</mid>
		<aid>143</aid>
	</monster_live>
	<monster_live>
		<id>251</id>
		<mid>122</mid>
		<aid>98</aid>
	</monster_live>
	<monster_live>
		<id>252</id>
		<mid>123</mid>
		<aid>-1</aid>
	</monster_live>
	<monster_live>
		<id>253</id>
		<mid>124</mid>
		<aid>88</aid>
	</monster_live>
	<monster_live>
		<id>254</id>
		<mid>124</mid>
		<aid>82</aid>
	</monster_live>
	<monster_live>
		<id>255</id>
		<mid>124</mid>
		<aid>83</aid>
	</monster_live>
	<monster_live>
		<id>256</id>
		<mid>124</mid>
		<aid>84</aid>
	</monster_live>
	<monster_live>
		<id>257</id>
		<mid>125</mid>
		<aid>54</aid>
	</monster_live>
	<monster_live>
		<id>258</id>
		<mid>125</mid>
		<aid>20</aid>
	</monster_live>
	<monster_live>
		<id>259</id>
		<mid>126</mid>
		<aid>76</aid>
	</monster_live>
	<monster_live>
		<id>260</id>
		<mid>126</mid>
		<aid>128</aid>
	</monster_live>
	<monster_live>
		<id>261</id>
		<mid>127</mid>
		<aid>18</aid>
	</monster_live>
	<monster_live>
		<id>262</id>
		<mid>127</mid>
		<aid>114</aid>
	</monster_live>
	<monster_live>
		<id>263</id>
		<mid>128</mid>
		<aid>45</aid>
	</monster_live>
	<monster_live>
		<id>264</id>
		<mid>128</mid>
		<aid>129</aid>
	</monster_live>
	<monster_live>
		<id>265</id>
		<mid>128</mid>
		<aid>130</aid>
	</monster_live>
	<monster_live>
		<id>266</id>
		<mid>128</mid>
		<aid>112</aid>
	</monster_live>
	<monster_live>
		<id>267</id>
		<mid>129</mid>
		<aid>-1</aid>
	</monster_live>
	<monster_live>
		<id>268</id>
		<mid>130</mid>
		<aid>139</aid>
	</monster_live>
	<monster_live>
		<id>269</id>
		<mid>131</mid>
		<aid>50</aid>
	</monster_live>
	<monster_live>
		<id>270</id>
		<mid>132</mid>
		<aid>-1</aid>
	</monster_live>
	<monster_live>
		<id>271</id>
		<mid>133</mid>
		<aid>99</aid>
	</monster_live>
	<monster_live>
		<id>272</id>
		<mid>133</mid>
		<aid>13</aid>
	</monster_live>
	<monster_live>
		<id>273</id>
		<mid>134</mid>
		<aid>55</aid>
	</monster_live>
	<monster_live>
		<id>274</id>
		<mid>135</mid>
		<aid>10</aid>
	</monster_live>
	<monster_live>
		<id>275</id>
		<mid>135</mid>
		<aid>149</aid>
	</monster_live>
	<monster_live>
		<id>276</id>
		<mid>135</mid>
		<aid>105</aid>
	</monster_live>
	<monster_live>
		<id>277</id>
		<mid>135</mid>
		<aid>58</aid>
	</monster_live>
	<monster_live>
		<id>278</id>
		<mid>136</mid>
		<aid>61</aid>
	</monster_live>
	<monster_live>
		<id>279</id>
		<mid>137</mid>
		<aid>58</aid>
	</monster_live>
	<monster_live>
		<id>280</id>
		<mid>138</mid>
		<aid>-1</aid>
	</monster_live>
	<monster_live>
		<id>281</id>
		<mid>139</mid>
		<aid>149</aid>
	</monster_live>
	<monster_live>
		<id>282</id>
		<mid>139</mid>
		<aid>135</aid>
	</monster_live>
	<monster_live>
		<id>283</id>
		<mid>139</mid>
		<aid>108</aid>
	</monster_live>
	<monster_live>
		<id>284</id>
		<mid>140</mid>
		<aid>99</aid>
	</monster_live>
	<monster_live>
		<id>285</id>
		<mid>140</mid>
		<aid>14</aid>
	</monster_live>
	<monster_live>
		<id>286</id>
		<mid>141</mid>
		<aid>48</aid>
	</monster_live>
	<monster_live>
		<id>287</id>
		<mid>141</mid>
		<aid>49</aid>
	</monster_live>
	<monster_live>
		<id>288</id>
		<mid>141</mid>
		<aid>80</aid>
	</monster_live>
	<monster_live>
		<id>289</id>
		<mid>142</mid>
		<aid>99</aid>
	</monster_live>
	<monster_live>
		<id>290</id>
		<mid>142</mid>
		<aid>77</aid>
	</monster_live>
	<monster_live>
		<id>291</id>
		<mid>143</mid>
		<aid>45</aid>
	</monster_live>
	<monster_live>
		<id>292</id>
		<mid>144</mid>
		<aid>49</aid>
	</monster_live>
	<monster_live>
		<id>293</id>
		<mid>144</mid>
		<aid>52</aid>
	</monster_live>
	<monster_live>
		<id>294</id>
		<mid>145</mid>
		<aid>-1</aid>
	</monster_live>
	<monster_live>
		<id>295</id>
		<mid>146</mid>
		<aid>-1</aid>
	</monster_live>
	<monster_live>
		<id>296</id>
		<mid>147</mid>
		<aid>-1</aid>
	</monster_live>
	<monster_live>
		<id>297</id>
		<mid>148</mid>
		<aid>131</aid>
	</monster_live>
	<monster_live>
		<id>298</id>
		<mid>148</mid>
		<aid>50</aid>
	</monster_live>
	<monster_live>
		<id>299</id>
		<mid>148</mid>
		<aid>115</aid>
	</monster_live>
	<monster_live>
		<id>300</id>
		<mid>149</mid>
		<aid>98</aid>
	</monster_live>
	<monster_live>
		<id>301</id>
		<mid>149</mid>
		<aid>89</aid>
	</monster_live>
	<monster_live>
		<id>302</id>
		<mid>149</mid>
		<aid>23</aid>
	</monster_live>
	<monster_live>
		<id>303</id>
		<mid>149</mid>
		<aid>87</aid>
	</monster_live>
	<monster_live>
		<id>304</id>
		<mid>150</mid>
		<aid>27</aid>
	</monster_live>
	<monster_live>
		<id>305</id>
		<mid>150</mid>
		<aid>136</aid>
	</monster_live>
	<monster_live>
		<id>306</id>
		<mid>150</mid>
		<aid>144</aid>
	</monster_live>
	<monster_live>
		<id>307</id>
		<mid>151</mid>
		<aid>48</aid>
	</monster_live>
	<monster_live>
		<id>308</id>
		<mid>151</mid>
		<aid>115</aid>
	</monster_live>
	<monster_live>
		<id>309</id>
		<mid>152</mid>
		<aid>99</aid>
	</monster_live>
	<monster_live>
		<id>310</id>
		<mid>152</mid>
		<aid>130</aid>
	</monster_live>
	<monster_live>
		<id>311</id>
		<mid>153</mid>
		<aid>33</aid>
	</monster_live>
	<monster_live>
		<id>312</id>
		<mid>154</mid>
		<aid>104</aid>
	</monster_live>
	<monster_live>
		<id>313</id>
		<mid>154</mid>
		<aid>135</aid>
	</monster_live>
	<monster_live>
		<id>314</id>
		<mid>154</mid>
		<aid>106</aid>
	</monster_live>
	<monster_live>
		<id>315</id>
		<mid>154</mid>
		<aid>37</aid>
	</monster_live>
	<monster_live>
		<id>316</id>
		<mid>154</mid>
		<aid>64</aid>
	</monster_live>
	<monster_live>
		<id>317</id>
		<mid>155</mid>
		<aid>100</aid>
	</monster_live>
	<monster_live>
		<id>318</id>
		<mid>155</mid>
		<aid>88</aid>
	</monster_live>
	<monster_live>
		<id>319</id>
		<mid>156</mid>
		<aid>30</aid>
	</monster_live>
	<monster_live>
		<id>320</id>
		<mid>156</mid>
		<aid>14</aid>
	</monster_live>
	<monster_live>
		<id>321</id>
		<mid>156</mid>
		<aid>116</aid>
	</monster_live>
	<monster_live>
		<id>322</id>
		<mid>157</mid>
		<aid>30</aid>
	</monster_live>
	<monster_live>
		<id>323</id>
		<mid>157</mid>
		<aid>60</aid>
	</monster_live>
	<monster_live>
		<id>324</id>
		<mid>158</mid>
		<aid>53</aid>
	</monster_live>
	<monster_live>
		<id>325</id>
		<mid>158</mid>
		<aid>86</aid>
	</monster_live>
	<monster_live>
		<id>326</id>
		<mid>158</mid>
		<aid>64</aid>
	</monster_live>
	<monster_live>
		<id>327</id>
		<mid>159</mid>
		<aid>127</aid>
	</monster_live>
	<monster_live>
		<id>328</id>
		<mid>159</mid>
		<aid>50</aid>
	</monster_live>
	<monster_live>
		<id>329</id>
		<mid>159</mid>
		<aid>107</aid>
	</monster_live>
	<monster_live>
		<id>330</id>
		<mid>160</mid>
		<aid>53</aid>
	</monster_live>
	<monster_live>
		<id>331</id>
		<mid>160</mid>
		<aid>37</aid>
	</monster_live>
	<monster_live>
		<id>332</id>
		<mid>160</mid>
		<aid>107</aid>
	</monster_live>
	<monster_live>
		<id>333</id>
		<mid>160</mid>
		<aid>143</aid>
	</monster_live>
	<monster_live>
		<id>334</id>
		<mid>161</mid>
		<aid>24</aid>
	</monster_live>
	<monster_live>
		<id>335</id>
		<mid>162</mid>
		<aid>56</aid>
	</monster_live>
	<monster_live>
		<id>336</id>
		<mid>163</mid>
		<aid>53</aid>
	</monster_live>
	<monster_live>
		<id>337</id>
		<mid>163</mid>
		<aid>104</aid>
	</monster_live>
	<monster_live>
		<id>338</id>
		<mid>164</mid>
		<aid>84</aid>
	</monster_live>
	<monster_live>
		<id>339</id>
		<mid>165</mid>
		<aid>45</aid>
	</monster_live>
	<monster_live>
		<id>340</id>
		<mid>165</mid>
		<aid>75</aid>
	</monster_live>
	<monster_live>
		<id>341</id>
		<mid>165</mid>
		<aid>126</aid>
	</monster_live>
	<monster_live>
		<id>342</id>
		<mid>165</mid>
		<aid>98</aid>
	</monster_live>
	<monster_live>
		<id>343</id>
		<mid>165</mid>
		<aid>97</aid>
	</monster_live>
	<monster_live>
		<id>344</id>
		<mid>166</mid>
		<aid>130</aid>
	</monster_live>
	<monster_live>
		<id>345</id>
		<mid>166</mid>
		<aid>50</aid>
	</monster_live>
	<monster_live>
		<id>346</id>
		<mid>166</mid>
		<aid>81</aid>
	</monster_live>
	<monster_live>
		<id>347</id>
		<mid>167</mid>
		<aid>45</aid>
	</monster_live>
	<monster_live>
		<id>348</id>
		<mid>167</mid>
		<aid>127</aid>
	</monster_live>
	<monster_live>
		<id>349</id>
		<mid>167</mid>
		<aid>47</aid>
	</monster_live>
	<monster_live>
		<id>350</id>
		<mid>168</mid>
		<aid>129</aid>
	</monster_live>
	<monster_live>
		<id>351</id>
		<mid>168</mid>
		<aid>49</aid>
	</monster_live>
	<monster_live>
		<id>352</id>
		<mid>169</mid>
		<aid>12</aid>
	</monster_live>
	<monster_live>
		<id>353</id>
		<mid>169</mid>
		<aid>129</aid>
	</monster_live>
	<monster_live>
		<id>354</id>
		<mid>169</mid>
		<aid>78</aid>
	</monster_live>
	<monster_live>
		<id>355</id>
		<mid>169</mid>
		<aid>49</aid>
	</monster_live>
	<monster_live>
		<id>356</id>
		<mid>169</mid>
		<aid>100</aid>
	</monster_live>
	<monster_live>
		<id>357</id>
		<mid>170</mid>
		<aid>139</aid>
	</monster_live>
	<monster_live>
		<id>358</id>
		<mid>171</mid>
		<aid>27</aid>
	</monster_live>
	<monster_live>
		<id>359</id>
		<mid>172</mid>
		<aid>113</aid>
	</monster_live>
	<monster_live>
		<id>360</id>
		<mid>173</mid>
		<aid>22</aid>
	</monster_live>
	<monster_live>
		<id>361</id>
		<mid>174</mid>
		<aid>149</aid>
	</monster_live>
	<monster_live>
		<id>362</id>
		<mid>174</mid>
		<aid>144</aid>
	</monster_live>
	<monster_live>
		<id>363</id>
		<mid>175</mid>
		<aid>14</aid>
	</monster_live>
	<monster_live>
		<id>364</id>
		<mid>175</mid>
		<aid>116</aid>
	</monster_live>
	<monster_live>
		<id>365</id>
		<mid>175</mid>
		<aid>64</aid>
	</monster_live>
	<monster_live>
		<id>366</id>
		<mid>176</mid>
		<aid>61</aid>
	</monster_live>
	<monster_live>
		<id>367</id>
		<mid>176</mid>
		<aid>79</aid>
	</monster_live>
	<monster_live>
		<id>368</id>
		<mid>176</mid>
		<aid>131</aid>
	</monster_live>
	<monster_live>
		<id>369</id>
		<mid>176</mid>
		<aid>36</aid>
	</monster_live>
	<monster_live>
		<id>370</id>
		<mid>177</mid>
		<aid>143</aid>
	</monster_live>
	<monster_live>
		<id>371</id>
		<mid>177</mid>
		<aid>39</aid>
	</monster_live>
	<monster_live>
		<id>372</id>
		<mid>178</mid>
		<aid>109</aid>
	</monster_live>
	<monster_live>
		<id>373</id>
		<mid>178</mid>
		<aid>22</aid>
	</monster_live>
	<monster_live>
		<id>374</id>
		<mid>178</mid>
		<aid>83</aid>
	</monster_live>
	<monster_live>
		<id>375</id>
		<mid>179</mid>
		<aid>50</aid>
	</monster_live>
	<monster_live>
		<id>376</id>
		<mid>179</mid>
		<aid>111</aid>
	</monster_live>
	<monster_live>
		<id>377</id>
		<mid>179</mid>
		<aid>146</aid>
	</monster_live>
	<monster_live>
		<id>378</id>
		<mid>180</mid>
		<aid>-1</aid>
	</monster_live>
	<monster_live>
		<id>379</id>
		<mid>181</mid>
		<aid>-1</aid>
	</monster_live>
	<monster_live>
		<id>380</id>
		<mid>182</mid>
		<aid>79</aid>
	</monster_live>
	<monster_live>
		<id>381</id>
		<mid>183</mid>
		<aid>54</aid>
	</monster_live>
	<monster_live>
		<id>382</id>
		<mid>183</mid>
		<aid>20</aid>
	</monster_live>
	<monster_live>
		<id>383</id>
		<mid>183</mid>
		<aid>146</aid>
	</monster_live>
	<monster_live>
		<id>384</id>
		<mid>184</mid>
		<aid>50</aid>
	</monster_live>
	<monster_live>
		<id>385</id>
		<mid>184</mid>
		<aid>18</aid>
	</monster_live>
	<monster_live>
		<id>386</id>
		<mid>184</mid>
		<aid>19</aid>
	</monster_live>
	<monster_live>
		<id>387</id>
		<mid>185</mid>
		<aid>131</aid>
	</monster_live>
	<monster_live>
		<id>388</id>
		<mid>185</mid>
		<aid>17</aid>
	</monster_live>
	<monster_live>
		<id>389</id>
		<mid>185</mid>
		<aid>80</aid>
	</monster_live>
	<monster_live>
		<id>390</id>
		<mid>186</mid>
		<aid>50</aid>
	</monster_live>
	<monster_live>
		<id>391</id>
		<mid>187</mid>
		<aid>16</aid>
	</monster_live>
	<monster_live>
		<id>392</id>
		<mid>188</mid>
		<aid>47</aid>
	</monster_live>
	<monster_live>
		<id>393</id>
		<mid>189</mid>
		<aid>129</aid>
	</monster_live>
	<monster_live>
		<id>394</id>
		<mid>189</mid>
		<aid>130</aid>
	</monster_live>
	<monster_live>
		<id>395</id>
		<mid>189</mid>
		<aid>88</aid>
	</monster_live>
	<monster_live>
		<id>396</id>
		<mid>189</mid>
		<aid>83</aid>
	</monster_live>
	<monster_live>
		<id>397</id>
		<mid>190</mid>
		<aid>-1</aid>
	</monster_live>
	<monster_live>
		<id>398</id>
		<mid>191</mid>
		<aid>14</aid>
	</monster_live>
	<monster_live>
		<id>399</id>
		<mid>192</mid>
		<aid>112</aid>
	</monster_live>
	<monster_live>
		<id>400</id>
		<mid>192</mid>
		<aid>60</aid>
	</monster_live>
	<monster_live>
		<id>401</id>
		<mid>193</mid>
		<aid>-1</aid>
	</monster_live>
	<monster_live>
		<id>402</id>
		<mid>194</mid>
		<aid>98</aid>
	</monster_live>
	<monster_live>
		<id>403</id>
		<mid>194</mid>
		<aid>75</aid>
	</monster_live>
	<monster_live>
		<id>404</id>
		<mid>195</mid>
		<aid>27</aid>
	</monster_live>
	<monster_live>
		<id>405</id>
		<mid>196</mid>
		<aid>104</aid>
	</monster_live>
	<monster_live>
		<id>406</id>
		<mid>196</mid>
		<aid>24</aid>
	</monster_live>
	<monster_live>
		<id>407</id>
		<mid>197</mid>
		<aid>104</aid>
	</monster_live>
	<monster_live>
		<id>408</id>
		<mid>198</mid>
		<aid>55</aid>
	</monster_live>
	<monster_live>
		<id>409</id>
		<mid>199</mid>
		<aid>136</aid>
	</monster_live>
	<monster_live>
		<id>410</id>
		<mid>199</mid>
		<aid>20</aid>
	</monster_live>
	<monster_live>
		<id>411</id>
		<mid>200</mid>
		<aid>22</aid>
	</monster_live>
	<monster_live>
		<id>412</id>
		<mid>200</mid>
		<aid>37</aid>
	</monster_live>
	<monster_live>
		<id>413</id>
		<mid>201</mid>
		<aid>51</aid>
	</monster_live>
	<monster_live>
		<id>414</id>
		<mid>202</mid>
		<aid>50</aid>
	</monster_live>
	<monster_live>
		<id>415</id>
		<mid>202</mid>
		<aid>82</aid>
	</monster_live>
	<monster_live>
		<id>416</id>
		<mid>203</mid>
		<aid>56</aid>
	</monster_live>
	<monster_live>
		<id>417</id>
		<mid>204</mid>
		<aid>61</aid>
	</monster_live>
	<monster_live>
		<id>418</id>
		<mid>205</mid>
		<aid>17</aid>
	</monster_live>
	<monster_live>
		<id>419</id>
		<mid>205</mid>
		<aid>24</aid>
	</monster_live>
	<monster_live>
		<id>420</id>
		<mid>206</mid>
		<aid>87</aid>
	</monster_live>
	<monster_live>
		<id>421</id>
		<mid>207</mid>
		<aid>10</aid>
	</monster_live>
	<monster_live>
		<id>422</id>
		<mid>207</mid>
		<aid>58</aid>
	</monster_live>
	<monster_live>
		<id>423</id>
		<mid>208</mid>
		<aid>98</aid>
	</monster_live>
	<monster_live>
		<id>424</id>
		<mid>208</mid>
		<aid>59</aid>
	</monster_live>
	<monster_live>
		<id>425</id>
		<mid>209</mid>
		<aid>98</aid>
	</monster_live>
	<monster_live>
		<id>426</id>
		<mid>209</mid>
		<aid>45</aid>
	</monster_live>
	<monster_live>
		<id>427</id>
		<mid>209</mid>
		<aid>106</aid>
	</monster_live>
	<monster_live>
		<id>428</id>
		<mid>209</mid>
		<aid>48</aid>
	</monster_live>
	<monster_live>
		<id>429</id>
		<mid>210</mid>
		<aid>-1</aid>
	</monster_live>
	<monster_live>
		<id>430</id>
		<mid>211</mid>
		<aid>83</aid>
	</monster_live>
	<monster_live>
		<id>431</id>
		<mid>212</mid>
		<aid>75</aid>
	</monster_live>
	<monster_live>
		<id>432</id>
		<mid>212</mid>
		<aid>76</aid>
	</monster_live>
	<monster_live>
		<id>433</id>
		<mid>212</mid>
		<aid>128</aid>
	</monster_live>
	<monster_live>
		<id>434</id>
		<mid>213</mid>
		<aid>103</aid>
	</monster_live>
	<monster_live>
		<id>435</id>
		<mid>213</mid>
		<aid>51</aid>
	</monster_live>
	<monster_live>
		<id>436</id>
		<mid>214</mid>
		<aid>78</aid>
	</monster_live>
	<monster_live>
		<id>437</id>
		<mid>214</mid>
		<aid>79</aid>
	</monster_live>
	<monster_live>
		<id>438</id>
		<mid>215</mid>
		<aid>12</aid>
	</monster_live>
	<monster_live>
		<id>439</id>
		<mid>215</mid>
		<aid>13</aid>
	</monster_live>
	<monster_live>
		<id>440</id>
		<mid>216</mid>
		<aid>85</aid>
	</monster_live>
	<monster_live>
		<id>441</id>
		<mid>217</mid>
		<aid>101</aid>
	</monster_live>
	<monster_live>
		<id>442</id>
		<mid>217</mid>
		<aid>81</aid>
	</monster_live>
	<monster_live>
		<id>443</id>
		<mid>218</mid>
		<aid>9</aid>
	</monster_live>
	<monster_live>
		<id>444</id>
		<mid>218</mid>
		<aid>98</aid>
	</monster_live>
	<monster_live>
		<id>445</id>
		<mid>218</mid>
		<aid>75</aid>
	</monster_live>
	<monster_live>
		<id>446</id>
		<mid>218</mid>
		<aid>126</aid>
	</monster_live>
	<monster_live>
		<id>447</id>
		<mid>218</mid>
		<aid>45</aid>
	</monster_live>
	<monster_live>
		<id>448</id>
		<mid>218</mid>
		<aid>97</aid>
	</monster_live>
	<monster_live>
		<id>449</id>
		<mid>219</mid>
		<aid>53</aid>
	</monster_live>
	<monster_live>
		<id>450</id>
		<mid>219</mid>
		<aid>88</aid>
	</monster_live>
	<monster_live>
		<id>451</id>
		<mid>219</mid>
		<aid>19</aid>
	</monster_live>
	<monster_live>
		<id>452</id>
		<mid>220</mid>
		<aid>112</aid>
	</monster_live>
	<monster_live>
		<id>453</id>
		<mid>220</mid>
		<aid>117</aid>
	</monster_live>
	<monster_live>
		<id>454</id>
		<mid>221</mid>
		<aid>109</aid>
	</monster_live>
	<monster_live>
		<id>455</id>
		<mid>221</mid>
		<aid>14</aid>
	</monster_live>
	<monster_live>
		<id>456</id>
		<mid>221</mid>
		<aid>106</aid>
	</monster_live>
	<monster_live>
		<id>457</id>
		<mid>221</mid>
		<aid>87</aid>
	</monster_live>
	<monster_live>
		<id>458</id>
		<mid>222</mid>
		<aid>113</aid>
	</monster_live>
	<monster_live>
		<id>459</id>
		<mid>223</mid>
		<aid>62</aid>
	</monster_live>
	<monster_live>
		<id>460</id>
		<mid>224</mid>
		<aid>10</aid>
	</monster_live>
	<monster_live>
		<id>461</id>
		<mid>225</mid>
		<aid>12</aid>
	</monster_live>
	<monster_live>
		<id>462</id>
		<mid>225</mid>
		<aid>83</aid>
	</monster_live>
	<monster_live>
		<id>463</id>
		<mid>225</mid>
		<aid>107</aid>
	</monster_live>
	<monster_live>
		<id>464</id>
		<mid>225</mid>
		<aid>59</aid>
	</monster_live>
	<monster_live>
		<id>465</id>
		<mid>226</mid>
		<aid>77</aid>
	</monster_live>
	<monster_live>
		<id>466</id>
		<mid>226</mid>
		<aid>129</aid>
	</monster_live>
	<monster_live>
		<id>467</id>
		<mid>226</mid>
		<aid>78</aid>
	</monster_live>
	<monster_live>
		<id>468</id>
		<mid>226</mid>
		<aid>144</aid>
	</monster_live>
	<monster_live>
		<id>469</id>
		<mid>227</mid>
		<aid>130</aid>
	</monster_live>
	<monster_live>
		<id>470</id>
		<mid>227</mid>
		<aid>49</aid>
	</monster_live>
	<monster_live>
		<id>471</id>
		<mid>228</mid>
		<aid>108</aid>
	</monster_live>
	<monster_live>
		<id>472</id>
		<mid>229</mid>
		<aid>115</aid>
	</monster_live>
	<monster_live>
		<id>473</id>
		<mid>230</mid>
		<aid>87</aid>
	</monster_live>
	<monster_live>
		<id>474</id>
		<mid>231</mid>
		<aid>75</aid>
	</monster_live>
	<monster_live>
		<id>475</id>
		<mid>232</mid>
		<aid>14</aid>
	</monster_live>
	<monster_live>
		<id>476</id>
		<mid>233</mid>
		<aid>112</aid>
	</monster_live>
	<monster_live>
		<id>477</id>
		<mid>233</mid>
		<aid>14</aid>
	</monster_live>
	<monster_live>
		<id>478</id>
		<mid>233</mid>
		<aid>143</aid>
	</monster_live>
	<monster_live>
		<id>479</id>
		<mid>234</mid>
		<aid>9</aid>
	</monster_live>
	<monster_live>
		<id>480</id>
		<mid>235</mid>
		<aid>55</aid>
	</monster_live>
	<monster_live>
		<id>481</id>
		<mid>236</mid>
		<aid>14</aid>
	</monster_live>
	<monster_live>
		<id>482</id>
		<mid>237</mid>
		<aid>45</aid>
	</monster_live>
	<monster_live>
		<id>483</id>
		<mid>237</mid>
		<aid>47</aid>
	</monster_live>
	<monster_live>
		<id>484</id>
		<mid>238</mid>
		<aid>101</aid>
	</monster_live>
	<monster_live>
		<id>485</id>
		<mid>238</mid>
		<aid>88</aid>
	</monster_live>
	<monster_live>
		<id>486</id>
		<mid>239</mid>
		<aid>131</aid>
	</monster_live>
	<monster_live>
		<id>487</id>
		<mid>240</mid>
		<aid>-1</aid>
	</monster_live>
	<monster_live>
		<id>488</id>
		<mid>241</mid>
		<aid>12</aid>
	</monster_live>
	<monster_live>
		<id>489</id>
		<mid>241</mid>
		<aid>101</aid>
	</monster_live>
	<monster_live>
		<id>490</id>
		<mid>242</mid>
		<aid>37</aid>
	</monster_live>
	<monster_live>
		<id>491</id>
		<mid>242</mid>
		<aid>116</aid>
	</monster_live>
	<monster_live>
		<id>492</id>
		<mid>242</mid>
		<aid>143</aid>
	</monster_live>
	<monster_live>
		<id>493</id>
		<mid>243</mid>
		<aid>86</aid>
	</monster_live>
	<monster_live>
		<id>494</id>
		<mid>244</mid>
		<aid>100</aid>
	</monster_live>
	<monster_live>
		<id>495</id>
		<mid>245</mid>
		<aid>47</aid>
	</monster_live>
	<monster_live>
		<id>496</id>
		<mid>245</mid>
		<aid>12</aid>
	</monster_live>
	<monster_live>
		<id>497</id>
		<mid>245</mid>
		<aid>78</aid>
	</monster_live>
	<monster_live>
		<id>498</id>
		<mid>245</mid>
		<aid>129</aid>
	</monster_live>
	<monster_live>
		<id>499</id>
		<mid>245</mid>
		<aid>99</aid>
	</monster_live>
	<monster_live>
		<id>500</id>
		<mid>246</mid>
		<aid>98</aid>
	</monster_live>
	<monster_live>
		<id>501</id>
		<mid>246</mid>
		<aid>148</aid>
	</monster_live>
	<monster_live>
		<id>502</id>
		<mid>247</mid>
		<aid>149</aid>
	</monster_live>
	<monster_live>
		<id>503</id>
		<mid>248</mid>
		<aid>135</aid>
	</monster_live>
	<monster_live>
		<id>504</id>
		<mid>249</mid>
		<aid>100</aid>
	</monster_live>
	<monster_live>
		<id>505</id>
		<mid>249</mid>
		<aid>16</aid>
	</monster_live>
	<monster_live>
		<id>506</id>
		<mid>250</mid>
		<aid>-1</aid>
	</monster_live>
	<monster_live>
		<id>507</id>
		<mid>251</mid>
		<aid>105</aid>
	</monster_live>
	<monster_live>
		<id>508</id>
		<mid>252</mid>
		<aid>24</aid>
	</monster_live>
	<monster_live>
		<id>509</id>
		<mid>253</mid>
		<aid>133</aid>
	</monster_live>
	<monster_live>
		<id>510</id>
		<mid>254</mid>
		<aid>47</aid>
	</monster_live>
	<monster_live>
		<id>511</id>
		<mid>254</mid>
		<aid>99</aid>
	</monster_live>
	<monster_live>
		<id>512</id>
		<mid>254</mid>
		<aid>100</aid>
	</monster_live>
	<monster_live>
		<id>513</id>
		<mid>255</mid>
		<aid>58</aid>
	</monster_live>
	<monster_live>
		<id>514</id>
		<mid>256</mid>
		<aid>9</aid>
	</monster_live>
	<monster_live>
		<id>515</id>
		<mid>257</mid>
		<aid>129</aid>
	</monster_live>
	<monster_live>
		<id>516</id>
		<mid>257</mid>
		<aid>77</aid>
	</monster_live>
	<monster_live>
		<id>517</id>
		<mid>257</mid>
		<aid>19</aid>
	</monster_live>
	<monster_live>
		<id>518</id>
		<mid>258</mid>
		<aid>101</aid>
	</monster_live>
	<monster_live>
		<id>519</id>
		<mid>258</mid>
		<aid>62</aid>
	</monster_live>
	<monster_live>
		<id>520</id>
		<mid>259</mid>
		<aid>127</aid>
	</monster_live>
	<monster_live>
		<id>521</id>
		<mid>260</mid>
		<aid>113</aid>
	</monster_live>
	<monster_live>
		<id>522</id>
		<mid>261</mid>
		<aid>106</aid>
	</monster_live>
	<monster_live>
		<id>523</id>
		<mid>261</mid>
		<aid>106</aid>
	</monster_live>
	<monster_live>
		<id>524</id>
		<mid>261</mid>
		<aid>118</aid>
	</monster_live>
	<monster_live>
		<id>525</id>
		<mid>262</mid>
		<aid>-1</aid>
	</monster_live>
	<monster_live>
		<id>526</id>
		<mid>263</mid>
		<aid>135</aid>
	</monster_live>
	<monster_live>
		<id>527</id>
		<mid>264</mid>
		<aid>48</aid>
	</monster_live>
	<monster_live>
		<id>528</id>
		<mid>264</mid>
		<aid>112</aid>
	</monster_live>
	<monster_live>
		<id>529</id>
		<mid>265</mid>
		<aid>82</aid>
	</monster_live>
	<monster_live>
		<id>530</id>
		<mid>265</mid>
		<aid>83</aid>
	</monster_live>
	<monster_live>
		<id>531</id>
		<mid>266</mid>
		<aid>126</aid>
	</monster_live>
	<monster_live>
		<id>532</id>
		<mid>267</mid>
		<aid>139</aid>
	</monster_live>
	<monster_live>
		<id>533</id>
		<mid>268</mid>
		<aid>127</aid>
	</monster_live>
	<monster_live>
		<id>534</id>
		<mid>269</mid>
		<aid>113</aid>
	</monster_live>
	<monster_live>
		<id>535</id>
		<mid>269</mid>
		<aid>20</aid>
	</monster_live>
	<monster_live>
		<id>536</id>
		<mid>269</mid>
		<aid>86</aid>
	</monster_live>
	<monster_live>
		<id>537</id>
		<mid>270</mid>
		<aid>116</aid>
	</monster_live>
	<monster_live>
		<id>538</id>
		<mid>271</mid>
		<aid>127</aid>
	</monster_live>
	<monster_live>
		<id>539</id>
		<mid>272</mid>
		<aid>12</aid>
	</monster_live>
	<monster_live>
		<id>540</id>
		<mid>272</mid>
		<aid>99</aid>
	</monster_live>
	<monster_live>
		<id>541</id>
		<mid>272</mid>
		<aid>14</aid>
	</monster_live>
	<monster_live>
		<id>542</id>
		<mid>273</mid>
		<aid>28</aid>
	</monster_live>
	<monster_live>
		<id>543</id>
		<mid>274</mid>
		<aid>78</aid>
	</monster_live>
	<monster_live>
		<id>544</id>
		<mid>275</mid>
		<aid>-1</aid>
	</monster_live>
	<monster_live>
		<id>545</id>
		<mid>276</mid>
		<aid>98</aid>
	</monster_live>
	<monster_live>
		<id>546</id>
		<mid>276</mid>
		<aid>106</aid>
	</monster_live>
	<monster_live>
		<id>547</id>
		<mid>277</mid>
		<aid>9</aid>
	</monster_live>
	<monster_live>
		<id>548</id>
		<mid>278</mid>
		<aid>109</aid>
	</monster_live>
	<monster_live>
		<id>549</id>
		<mid>278</mid>
		<aid>22</aid>
	</monster_live>
	<monster_live>
		<id>550</id>
		<mid>279</mid>
		<aid>22</aid>
	</monster_live>
	<monster_live>
		<id>551</id>
		<mid>280</mid>
		<aid>106</aid>
	</monster_live>
	<monster_live>
		<id>552</id>
		<mid>281</mid>
		<aid>9</aid>
	</monster_live>
	<monster_live>
		<id>553</id>
		<mid>281</mid>
		<aid>67</aid>
	</monster_live>
	<monster_live>
		<id>554</id>
		<mid>282</mid>
		<aid>52</aid>
	</monster_live>
	<monster_live>
		<id>555</id>
		<mid>283</mid>
		<aid>109</aid>
	</monster_live>
	<monster_live>
		<id>556</id>
		<mid>283</mid>
		<aid>36</aid>
	</monster_live>
	<monster_live>
		<id>557</id>
		<mid>284</mid>
		<aid>20</aid>
	</monster_live>
	<monster_live>
		<id>558</id>
		<mid>284</mid>
		<aid>66</aid>
	</monster_live>
	<monster_live>
		<id>559</id>
		<mid>285</mid>
		<aid>136</aid>
	</monster_live>
	<monster_live>
		<id>560</id>
		<mid>286</mid>
		<aid>101</aid>
	</monster_live>
	<monster_live>
		<id>561</id>
		<mid>286</mid>
		<aid>102</aid>
	</monster_live>
	<monster_live>
		<id>562</id>
		<mid>287</mid>
		<aid>107</aid>
	</monster_live>
	<monster_live>
		<id>563</id>
		<mid>287</mid>
		<aid>85</aid>
	</monster_live>
	<monster_live>
		<id>564</id>
		<mid>288</mid>
		<aid>17</aid>
	</monster_live>
	<monster_live>
		<id>565</id>
		<mid>289</mid>
		<aid>105</aid>
	</monster_live>
	<monster_live>
		<id>566</id>
		<mid>290</mid>
		<aid>77</aid>
	</monster_live>
	<monster_live>
		<id>567</id>
		<mid>290</mid>
		<aid>17</aid>
	</monster_live>
	<monster_live>
		<id>568</id>
		<mid>290</mid>
		<aid>146</aid>
	</monster_live>
	<monster_live>
		<id>569</id>
		<mid>291</mid>
		<aid>147</aid>
	</monster_live>
	<monster_live>
		<id>570</id>
		<mid>291</mid>
		<aid>133</aid>
	</monster_live>
	<monster_live>
		<id>571</id>
		<mid>292</mid>
		<aid>148</aid>
	</monster_live>
	<monster_live>
		<id>572</id>
		<mid>292</mid>
		<aid>105</aid>
	</monster_live>
	<monster_live>
		<id>573</id>
		<mid>293</mid>
		<aid>101</aid>
	</monster_live>
	<monster_live>
		<id>574</id>
		<mid>293</mid>
		<aid>51</aid>
	</monster_live>
	<monster_live>
		<id>575</id>
		<mid>294</mid>
		<aid>22</aid>
	</monster_live>
	<monster_live>
		<id>576</id>
		<mid>294</mid>
		<aid>133</aid>
	</monster_live>
	<monster_live>
		<id>577</id>
		<mid>294</mid>
		<aid>56</aid>
	</monster_live>
	<monster_live>
		<id>578</id>
		<mid>294</mid>
		<aid>57</aid>
	</monster_live>
	<monster_live>
		<id>579</id>
		<mid>295</mid>
		<aid>107</aid>
	</monster_live>
	<monster_live>
		<id>580</id>
		<mid>295</mid>
		<aid>85</aid>
	</monster_live>
	<monster_live>
		<id>581</id>
		<mid>296</mid>
		<aid>-1</aid>
	</monster_live>
	<monster_live>
		<id>582</id>
		<mid>297</mid>
		<aid>115</aid>
	</monster_live>
	<monster_live>
		<id>583</id>
		<mid>298</mid>
		<aid>109</aid>
	</monster_live>
	<monster_live>
		<id>584</id>
		<mid>299</mid>
		<aid>108</aid>
	</monster_live>
	<monster_live>
		<id>585</id>
		<mid>300</mid>
		<aid>57</aid>
	</monster_live>
	<monster_live>
		<id>586</id>
		<mid>301</mid>
		<aid>66</aid>
	</monster_live>
	<monster_live>
		<id>587</id>
		<mid>302</mid>
		<aid>143</aid>
	</monster_live>
	<monster_live>
		<id>588</id>
		<mid>303</mid>
		<aid>9</aid>
	</monster_live>
	<monster_live>
		<id>589</id>
		<mid>303</mid>
		<aid>57</aid>
	</monster_live>
	<monster_live>
		<id>590</id>
		<mid>303</mid>
		<aid>23</aid>
	</monster_live>
	<monster_live>
		<id>591</id>
		<mid>304</mid>
		<aid>133</aid>
	</monster_live>
	<monster_live>
		<id>592</id>
		<mid>304</mid>
		<aid>66</aid>
	</monster_live>
	<monster_live>
		<id>593</id>
		<mid>305</mid>
		<aid>53</aid>
	</monster_live>
	<monster_live>
		<id>594</id>
		<mid>306</mid>
		<aid>135</aid>
	</monster_live>
	<monster_live>
		<id>595</id>
		<mid>307</mid>
		<aid>82</aid>
	</monster_live>
	<monster_live>
		<id>596</id>
		<mid>307</mid>
		<aid>83</aid>
	</monster_live>
	<monster_live>
		<id>597</id>
		<mid>308</mid>
		<aid>52</aid>
	</monster_live>
	<monster_live>
		<id>598</id>
		<mid>309</mid>
		<aid>129</aid>
	</monster_live>
	<monster_live>
		<id>599</id>
		<mid>309</mid>
		<aid>16</aid>
	</monster_live>
	<monster_live>
		<id>600</id>
		<mid>310</mid>
		<aid>48</aid>
	</monster_live>
	<monster_live>
		<id>601</id>
		<mid>310</mid>
		<aid>80</aid>
	</monster_live>
	<monster_live>
		<id>602</id>
		<mid>311</mid>
		<aid>97</aid>
	</monster_live>
	<monster_live>
		<id>603</id>
		<mid>312</mid>
		<aid>47</aid>
	</monster_live>
	<monster_live>
		<id>604</id>
		<mid>312</mid>
		<aid>76</aid>
	</monster_live>
	<monster_live>
		<id>605</id>
		<mid>312</mid>
		<aid>128</aid>
	</monster_live>
	<monster_live>
		<id>606</id>
		<mid>312</mid>
		<aid>81</aid>
	</monster_live>
	<monster_live>
		<id>607</id>
		<mid>313</mid>
		<aid>-1</aid>
	</monster_live>
	<monster_live>
		<id>608</id>
		<mid>314</mid>
		<aid>-1</aid>
	</monster_live>
	<monster_live>
		<id>609</id>
		<mid>315</mid>
		<aid>27</aid>
	</monster_live>
	<monster_live>
		<id>610</id>
		<mid>316</mid>
		<aid>23</aid>
	</monster_live>
	<monster_live>
		<id>611</id>
		<mid>317</mid>
		<aid>23</aid>
	</monster_live>
	<monster_live>
		<id>612</id>
		<mid>318</mid>
		<aid>128</aid>
	</monster_live>
	<monster_live>
		<id>613</id>
		<mid>319</mid>
		<aid>13</aid>
	</monster_live>
	<monster_live>
		<id>614</id>
		<mid>319</mid>
		<aid>107</aid>
	</monster_live>
	<monster_live>
		<id>615</id>
		<mid>320</mid>
		<aid>84</aid>
	</monster_live>
	<monster_live>
		<id>616</id>
		<mid>321</mid>
		<aid>79</aid>
	</monster_live>
	<monster_live>
		<id>617</id>
		<mid>321</mid>
		<aid>112</aid>
	</monster_live>
	<monster_live>
		<id>618</id>
		<mid>321</mid>
		<aid>129</aid>
	</monster_live>
	<monster_live>
		<id>619</id>
		<mid>321</mid>
		<aid>19</aid>
	</monster_live>
	<monster_live>
		<id>620</id>
		<mid>321</mid>
		<aid>58</aid>
	</monster_live>
	<monster_live>
		<id>621</id>
		<mid>321</mid>
		<aid>143</aid>
	</monster_live>
	<monster_live>
		<id>622</id>
		<mid>322</mid>
		<aid>17</aid>
	</monster_live>
	<monster_live>
		<id>623</id>
		<mid>322</mid>
		<aid>55</aid>
	</monster_live>
	<monster_live>
		<id>624</id>
		<mid>333</mid>
		<aid>62</aid>
	</monster_live>
	<monster_live>
		<id>625</id>
		<mid>333</mid>
		<aid>84</aid>
	</monster_live>
	<monster_live>
		<id>626</id>
		<mid>324</mid>
		<aid>-1</aid>
	</monster_live>
	<monster_live>
		<id>627</id>
		<mid>325</mid>
		<aid>62</aid>
	</monster_live>
	<monster_live>
		<id>628</id>
		<mid>326</mid>
		<aid>54</aid>
	</monster_live>
	<monster_live>
		<id>629</id>
		<mid>326</mid>
		<aid>20</aid>
	</monster_live>
	<monster_live>
		<id>630</id>
		<mid>327</mid>
		<aid>88</aid>
	</monster_live>
	<monster_live>
		<id>631</id>
		<mid>328</mid>
		<aid>87</aid>
	</monster_live>
	<monster_live>
		<id>632</id>
		<mid>329</mid>
		<aid>107</aid>
	</monster_live>
	<monster_live>
		<id>633</id>
		<mid>330</mid>
		<aid>-1</aid>
	</monster_live>
	<monster_live>
		<id>634</id>
		<mid>331</mid>
		<aid>133</aid>
	</monster_live>
	<monster_live>
		<id>635</id>
		<mid>331</mid>
		<aid>58</aid>
	</monster_live>
	<monster_live>
		<id>636</id>
		<mid>332</mid>
		<aid>147</aid>
	</monster_live>
	<monster_live>
		<id>637</id>
		<mid>332</mid>
		<aid>103</aid>
	</monster_live>
	<monster_live>
		<id>638</id>
		<mid>333</mid>
		<aid>136</aid>
	</monster_live>
	<monster_live>
		<id>639</id>
		<mid>334</mid>
		<aid>88</aid>
	</monster_live>
	<monster_live>
		<id>640</id>
		<mid>335</mid>
		<aid>-1</aid>
	</monster_live>
	<monster_live>
		<id>641</id>
		<mid>336</mid>
		<aid>149</aid>
	</monster_live>
	<monster_live>
		<id>642</id>
		<mid>336</mid>
		<aid>62</aid>
	</monster_live>
	<monster_live>
		<id>643</id>
		<mid>337</mid>
		<aid>86</aid>
	</monster_live>
	<monster_live>
		<id>644</id>
		<mid>338</mid>
		<aid>101</aid>
	</monster_live>
	<monster_live>
		<id>645</id>
		<mid>338</mid>
		<aid>80</aid>
	</monster_live>
	<monster_live>
		<id>646</id>
		<mid>339</mid>
		<aid>149</aid>
	</monster_live>
	<monster_live>
		<id>647</id>
		<mid>339</mid>
		<aid>50</aid>
	</monster_live>
	<monster_live>
		<id>648</id>
		<mid>339</mid>
		<aid>82</aid>
	</monster_live>
	<monster_live>
		<id>649</id>
		<mid>339</mid>
		<aid>112</aid>
	</monster_live>
	<monster_live>
		<id>650</id>
		<mid>340</mid>
		<aid>-1</aid>
	</monster_live>
	<monster_live>
		<id>651</id>
		<mid>341</mid>
		<aid>12</aid>
	</monster_live>
	<monster_live>
		<id>652</id>
		<mid>341</mid>
		<aid>16</aid>
	</monster_live>
	<monster_live>
		<id>653</id>
		<mid>342</mid>
		<aid>-1</aid>
	</monster_live>
	<monster_live>
		<id>654</id>
		<mid>343</mid>
		<aid>-1</aid>
	</monster_live>
	<monster_live>
		<id>655</id>
		<mid>344</mid>
		<aid>-1</aid>
	</monster_live>
	<monster_live>
		<id>656</id>
		<mid>345</mid>
		<aid>111</aid>
	</monster_live>
	<monster_live>
		<id>657</id>
		<mid>345</mid>
		<aid>55</aid>
	</monster_live>
	<monster_live>
		<id>658</id>
		<mid>346</mid>
		<aid>53</aid>
	</monster_live>
	<monster_live>
		<id>659</id>
		<mid>346</mid>
		<aid>116</aid>
	</monster_live>
	<monster_live>
		<id>660</id>
		<mid>346</mid>
		<aid>86</aid>
	</monster_live>
	<monster_live>
		<id>661</id>
		<mid>346</mid>
		<aid>64</aid>
	</monster_live>
	<monster_live>
		<id>662</id>
		<mid>347</mid>
		<aid>75</aid>
	</monster_live>
	<monster_live>
		<id>663</id>
		<mid>347</mid>
		<aid>76</aid>
	</monster_live>
	<monster_live>
		<id>664</id>
		<mid>348</mid>
		<aid>-1</aid>
	</monster_live>
	<monster_live>
		<id>665</id>
		<mid>352</mid>
		<aid>-1</aid>
	</monster_live>
	<monster_live>
		<id>666</id>
		<mid>349</mid>
		<aid>-1</aid>
	</monster_live>
	<monster_live>
		<id>667</id>
		<mid>351</mid>
		<aid>99</aid>
	</monster_live>
	<monster_live>
		<id>668</id>
		<mid>351</mid>
		<aid>129</aid>
	</monster_live>
	<monster_live>
		<id>669</id>
		<mid>351</mid>
		<aid>19</aid>
	</monster_live>
	<monster_live>
		<id>670</id>
		<mid>353</mid>
		<aid>14</aid>
	</monster_live>
	<monster_live>
		<id>671</id>
		<mid>350</mid>
		<aid>-1</aid>
	</monster_live>
	<monster_live>
		<id>672</id>
		<mid>354</mid>
		<aid>-1</aid>
	</monster_live>
	<monster_live>
		<id>673</id>
		<mid>355</mid>
		<aid>62</aid>
	</monster_live>
	<monster_live>
		<id>674</id>
		<mid>356</mid>
		<aid>102</aid>
	</monster_live>
	<monster_live>
		<id>675</id>
		<mid>357</mid>
		<aid>109</aid>
	</monster_live>
	<monster_live>
		<id>676</id>
		<mid>357</mid>
		<aid>110</aid>
	</monster_live>
	<monster_live>
		<id>677</id>
		<mid>357</mid>
		<aid>12</aid>
	</monster_live>
	<monster_live>
		<id>678</id>
		<mid>357</mid>
		<aid>13</aid>
	</monster_live>
	<monster_live>
		<id>679</id>
		<mid>357</mid>
		<aid>112</aid>
	</monster_live>
	<monster_live>
		<id>680</id>
		<mid>358</mid>
		<aid>26</aid>
	</monster_live>
	<monster_live>
		<id>681</id>
		<mid>359</mid>
		<aid>97</aid>
	</monster_live>
	<monster_live>
		<id>682</id>
		<mid>360</mid>
		<aid>-1</aid>
	</monster_live>
	<monster_live>
		<id>683</id>
		<mid>361</mid>
		<aid>103</aid>
	</monster_live>
	<monster_live>
		<id>684</id>
		<mid>361</mid>
		<aid>63</aid>
	</monster_live>
	<monster_live>
		<id>685</id>
		<mid>361</mid>
		<aid>117</aid>
	</monster_live>
	<monster_live>
		<id>686</id>
		<mid>361</mid>
		<aid>86</aid>
	</monster_live>
	<monster_live>
		<id>687</id>
		<mid>361</mid>
		<aid>59</aid>
	</monster_live>
	<monster_live>
		<id>688</id>
		<mid>362</mid>
		<aid>112</aid>
	</monster_live>
	<monster_live>
		<id>689</id>
		<mid>362</mid>
		<aid>112</aid>
	</monster_live>
	<monster_live>
		<id>690</id>
		<mid>362</mid>
		<aid>117</aid>
	</monster_live>
	<monster_live>
		<id>691</id>
		<mid>362</mid>
		<aid>86</aid>
	</monster_live>
	<monster_live>
		<id>692</id>
		<mid>363</mid>
		<aid>14</aid>
	</monster_live>
	<monster_live>
		<id>693</id>
		<mid>363</mid>
		<aid>125</aid>
	</monster_live>
	<monster_live>
		<id>694</id>
		<mid>363</mid>
		<aid>64</aid>
	</monster_live>
	<monster_live>
		<id>695</id>
		<mid>364</mid>
		<aid>131</aid>
	</monster_live>
	<monster_live>
		<id>696</id>
		<mid>364</mid>
		<aid>62</aid>
	</monster_live>
	<monster_live>
		<id>697</id>
		<mid>364</mid>
		<aid>104</aid>
	</monster_live>
	<monster_live>
		<id>698</id>
		<mid>365</mid>
		<aid>97</aid>
	</monster_live>
	<monster_live>
		<id>699</id>
		<mid>365</mid>
		<aid>98</aid>
	</monster_live>
	<monster_live>
		<id>700</id>
		<mid>366</mid>
		<aid>97</aid>
	</monster_live>
	<monster_live>
		<id>701</id>
		<mid>366</mid>
		<aid>98</aid>
	</monster_live>
	<monster_live>
		<id>702</id>
		<mid>366</mid>
		<aid>10</aid>
	</monster_live>
	<monster_live>
		<id>703</id>
		<mid>367</mid>
		<aid>88</aid>
	</monster_live>
	<monster_live>
		<id>704</id>
		<mid>367</mid>
		<aid>133</aid>
	</monster_live>
	<monster_live>
		<id>705</id>
		<mid>368</mid>
		<aid>45</aid>
	</monster_live>
	<monster_live>
		<id>706</id>
		<mid>369</mid>
		<aid>53</aid>
	</monster_live>
	<monster_live>
		<id>707</id>
		<mid>369</mid>
		<aid>88</aid>
	</monster_live>
	<monster_live>
		<id>708</id>
		<mid>369</mid>
		<aid>144</aid>
	</monster_live>
	<monster_live>
		<id>709</id>
		<mid>370</mid>
		<aid>24</aid>
	</monster_live>
	<monster_live>
		<id>710</id>
		<mid>371</mid>
		<aid>77</aid>
	</monster_live>
	<monster_live>
		<id>711</id>
		<mid>372</mid>
		<aid>88</aid>
	</monster_live>
	<monster_live>
		<id>712</id>
		<mid>372</mid>
		<aid>58</aid>
	</monster_live>
	<monster_live>
		<id>713</id>
		<mid>373</mid>
		<aid>-1</aid>
	</monster_live>
	<monster_live>
		<id>714</id>
		<mid>374</mid>
		<aid>-1</aid>
	</monster_live>
	<monster_live>
		<id>715</id>
		<mid>375</mid>
		<aid>-1</aid>
	</monster_live>
	<monster_live>
		<id>716</id>
		<mid>376</mid>
		<aid>78</aid>
	</monster_live>
	<monster_live>
		<id>717</id>
		<mid>377</mid>
		<aid>15</aid>
	</monster_live>
	<monster_live>
		<id>718</id>
		<mid>378</mid>
		<aid>-1</aid>
	</monster_live>
	<monster_live>
		<id>719</id>
		<mid>379</mid>
		<aid>12</aid>
	</monster_live>
	<monster_live>
		<id>720</id>
		<mid>379</mid>
		<aid>129</aid>
	</monster_live>
	<monster_live>
		<id>721</id>
		<mid>379</mid>
		<aid>81</aid>
	</monster_live>
	<monster_live>
		<id>722</id>
		<mid>380</mid>
		<aid>45</aid>
	</monster_live>
	<monster_live>
		<id>723</id>
		<mid>380</mid>
		<aid>17</aid>
	</monster_live>
	<monster_live>
		<id>724</id>
		<mid>380</mid>
		<aid>117</aid>
	</monster_live>
	<monster_live>
		<id>725</id>
		<mid>380</mid>
		<aid>144</aid>
	</monster_live>
	<monster_live>
		<id>726</id>
		<mid>380</mid>
		<aid>85</aid>
	</monster_live>
	<monster_live>
		<id>727</id>
		<mid>381</mid>
		<aid>47</aid>
	</monster_live>
	<monster_live>
		<id>728</id>
		<mid>381</mid>
		<aid>22</aid>
	</monster_live>
	<monster_live>
		<id>729</id>
		<mid>382</mid>
		<aid>-1</aid>
	</monster_live>
	<monster_live>
		<id>730</id>
		<mid>383</mid>
		<aid>17</aid>
	</monster_live>
	<monster_live>
		<id>731</id>
		<mid>383</mid>
		<aid>24</aid>
	</monster_live>
	<monster_live>
		<id>732</id>
		<mid>384</mid>
		<aid>77</aid>
	</monster_live>
	<monster_live>
		<id>733</id>
		<mid>384</mid>
		<aid>53</aid>
	</monster_live>
	<monster_live>
		<id>734</id>
		<mid>384</mid>
		<aid>136</aid>
	</monster_live>
	<monster_live>
		<id>735</id>
		<mid>384</mid>
		<aid>88</aid>
	</monster_live>
	<monster_live>
		<id>736</id>
		<mid>384</mid>
		<aid>131</aid>
	</monster_live>
	<monster_live>
		<id>737</id>
		<mid>384</mid>
		<aid>111</aid>
	</monster_live>
	<monster_live>
		<id>738</id>
		<mid>385</mid>
		<aid>55</aid>
	</monster_live>
	<monster_live>
		<id>739</id>
		<mid>385</mid>
		<aid>118</aid>
	</monster_live>
	<monster_live>
		<id>740</id>
		<mid>386</mid>
		<aid>110</aid>
	</monster_live>
	<monster_live>
		<id>741</id>
		<mid>386</mid>
		<aid>62</aid>
	</monster_live>
	<monster_live>
		<id>742</id>
		<mid>387</mid>
		<aid>61</aid>
	</monster_live>
	<monster_live>
		<id>743</id>
		<mid>387</mid>
		<aid>136</aid>
	</monster_live>
	<monster_live>
		<id>744</id>
		<mid>387</mid>
		<aid>84</aid>
	</monster_live>
	<monster_live>
		<id>745</id>
		<mid>388</mid>
		<aid>126</aid>
	</monster_live>
	<monster_live>
		<id>746</id>
		<mid>388</mid>
		<aid>59</aid>
	</monster_live>
	<monster_live>
		<id>747</id>
		<mid>388</mid>
		<aid>23</aid>
	</monster_live>
	<monster_live>
		<id>748</id>
		<mid>389</mid>
		<aid>127</aid>
	</monster_live>
	<monster_live>
		<id>749</id>
		<mid>389</mid>
		<aid>47</aid>
	</monster_live>
	<monster_live>
		<id>750</id>
		<mid>390</mid>
		<aid>107</aid>
	</monster_live>
	<monster_live>
		<id>751</id>
		<mid>391</mid>
		<aid>109</aid>
	</monster_live>
	<monster_live>
		<id>752</id>
		<mid>391</mid>
		<aid>36</aid>
	</monster_live>
	<monster_live>
		<id>753</id>
		<mid>392</mid>
		<aid>116</aid>
	</monster_live>
	<monster_live>
		<id>754</id>
		<mid>393</mid>
		<aid>14</aid>
	</monster_live>
	<monster_live>
		<id>755</id>
		<mid>393</mid>
		<aid>135</aid>
	</monster_live>
	<monster_live>
		<id>756</id>
		<mid>393</mid>
		<aid>66</aid>
	</monster_live>
	<monster_live>
		<id>757</id>
		<mid>394</mid>
		<aid>48 37</aid>
	</monster_live>
	<monster_live>
		<id>758</id>
		<mid>395</mid>
		<aid>99 144</aid>
	</monster_live>
	<monster_live>
		<id>759</id>
		<mid>395</mid>
		<aid>144</aid>
	</monster_live>
	<monster_live>
		<id>760</id>
		<mid>396</mid>
		<aid>-1</aid>
	</monster_live>
	<monster_live>
		<id>761</id>
		<mid>397</mid>
		<aid>81</aid>
	</monster_live>
</content>