<?xml version="1.0" encoding="UTF-8" standalone="yes"?>
<content>
	<craft_type>
		<id>0</id>
		<name>武器</name>
	</craft_type>
	<craft_type>
		<id>1</id>
		<name>木工</name>
	</craft_type>
	<craft_type>
		<id>2</id>
		<name>防具</name>
	</craft_type>
	<craft_type>
		<id>3</id>
		<name>裁縫</name>
	</craft_type>
	<craft_type>
		<id>4</id>
		<name>ツボ錬金</name>
	</craft_type>
	<craft_type>
		<id>5</id>
		<name>ランプ錬金</name>
	</craft_type>
	<craft_type>
		<id>6</id>
		<name>道具</name>
	</craft_type>
</content>