<?xml version="1.0" encoding="UTF-8" standalone="yes"?>
<content>
	<monster_phylon>
		<id>0</id>
		<name>あくま系</name>
	</monster_phylon>
	<monster_phylon>
		<id>1</id>
		<name>けもの系</name>
	</monster_phylon>
	<monster_phylon>
		<id>2</id>
		<name>マシン系</name>
	</monster_phylon>
	<monster_phylon>
		<id>3</id>
		<name>鳥系</name>
	</monster_phylon>
	<monster_phylon>
		<id>4</id>
		<name>虫系</name>
	</monster_phylon>
	<monster_phylon>
		<id>5</id>
		<name>怪人系</name>
	</monster_phylon>
	<monster_phylon>
		<id>6</id>
		<name>水系</name>
	</monster_phylon>
	<monster_phylon>
		<id>7</id>
		<name>植物系</name>
	</monster_phylon>
	<monster_phylon>
		<id>8</id>
		<name>物質系</name>
	</monster_phylon>
	<monster_phylon>
		<id>9</id>
		<name>エレメント系</name>
	</monster_phylon>
	<monster_phylon>
		<id>10</id>
		<name>ゾンビ系</name>
	</monster_phylon>
	<monster_phylon>
		<id>11</id>
		<name>ドラゴン系</name>
	</monster_phylon>
	<monster_phylon>
		<id>12</id>
		<name>スライム系</name>
	</monster_phylon>
	<monster_phylon>
		<id>13</id>
		<name>？？？系</name>
	</monster_phylon>
</content>